"","i1","i2","i3","i4","i5","i6","i7","i8","i9","i10","i11","i12","i13","i14","i15","i16","i17","i18","i19","i20","i21","i22","i23","i24","i25","i26","i27","i28","i29","i30","i31"
"1",0.0069,0.007,0.0102,0.0083,0.0104,0.0095,0.0101,0.0075,0.0088,0.0089,0.0088,0.009,0.0116,0.0085,0.0092,0.0083,0.0093,0.0123,0.0146,0.0126,0.0143,0.016,0.0138,0.0141,0.0152,0.0189,0.0188,0.0199,0.0152,0.0208,0.0218
"2",0.0166,0.0171,0.0203,0.0169,0.0174,0.0177,0.0155,0.0173,0.0162,0.0188,0.0155,0.0203,0.017,0.0203,0.0188,0.0198,0.0232,0.0246,0.0241,0.0236,0.023,0.0245,0.0263,0.0247,0.029,0.0269,0.0287,0.0281,0.0321,0.0325,0.0339
"3",0.0249,0.0274,0.0235,0.0244,0.0255,0.0261,0.0242,0.024,0.0221,0.0251,0.0257,0.0238,0.0298,0.0274,0.0257,0.0256,0.0272,0.0295,0.0335,0.032,0.0288,0.0337,0.0334,0.039,0.039,0.0356,0.0376,0.0388,0.035,0.0383,0.0421
"4",0.0291,0.0361,0.0352,0.0265,0.0279,0.0299,0.0279,0.0278,0.0345,0.0293,0.0308,0.0318,0.0284,0.0302,0.0309,0.0337,0.0365,0.0362,0.0379,0.0362,0.0417,0.0438,0.0377,0.0418,0.0458,0.0422,0.0441,0.0446,0.0465,0.0473,0.0469
"5",0.0376,0.0343,0.0357,0.0347,0.0348,0.0348,0.0346,0.0366,0.0386,0.0343,0.0351,0.0345,0.0362,0.0351,0.0375,0.0399,0.042,0.0407,0.0437,0.0442,0.0432,0.0489,0.0498,0.0454,0.0515,0.0477,0.0514,0.0478,0.0491,0.0521,0.0572
"6",0.0427,0.0392,0.0432,0.0417,0.0427,0.0393,0.0428,0.041,0.0422,0.0421,0.0412,0.0423,0.0439,0.0393,0.0433,0.0454,0.0449,0.049,0.0514,0.0484,0.0524,0.052,0.0524,0.0498,0.0568,0.0586,0.0581,0.0537,0.0544,0.0573,0.0584
"7",0.0476,0.0479,0.0492,0.048,0.0484,0.0456,0.0468,0.0446,0.0471,0.0469,0.0514,0.0497,0.0452,0.0508,0.0491,0.0482,0.0533,0.0533,0.0537,0.0532,0.0523,0.0559,0.0526,0.0594,0.0631,0.0647,0.0599,0.0643,0.0664,0.0661,0.0647
"8",0.055,0.0557,0.05,0.0533,0.0518,0.0508,0.0509,0.0494,0.0505,0.0499,0.0498,0.0556,0.057,0.0542,0.0561,0.0531,0.0562,0.0558,0.0665,0.0596,0.0629,0.0617,0.0599,0.0614,0.0693,0.0701,0.0687,0.0632,0.0679,0.0737,0.0682
"9",0.0627,0.0606,0.0567,0.0564,0.056,0.0553,0.0563,0.0568,0.0558,0.0558,0.0589,0.0607,0.0598,0.061,0.0589,0.0562,0.064,0.0625,0.0652,0.0634,0.0655,0.0704,0.0662,0.0713,0.0726,0.0711,0.0683,0.0722,0.0704,0.0722,0.0769
"10",0.0633,0.0643,0.0618,0.0631,0.0611,0.0666,0.0608,0.0608,0.0663,0.0629,0.0647,0.0662,0.0655,0.0624,0.065,0.0611,0.0689,0.0674,0.0711,0.0727,0.07,0.0709,0.0698,0.0684,0.0782,0.0812,0.0761,0.077,0.0744,0.08,0.0796
"11",0.0701,0.0688,0.0684,0.0687,0.064,0.0724,0.0606,0.066,0.0646,0.0646,0.0706,0.0665,0.0721,0.0644,0.0683,0.0668,0.0761,0.0769,0.0759,0.0769,0.078,0.081,0.0783,0.0755,0.0836,0.0876,0.0839,0.0773,0.0793,0.0851,0.084
"12",0.0725,0.0753,0.0755,0.0712,0.0692,0.0681,0.0708,0.0697,0.0716,0.0704,0.0711,0.0741,0.077,0.0701,0.0762,0.0731,0.0776,0.0777,0.0837,0.0805,0.0762,0.0823,0.0831,0.0872,0.0874,0.0902,0.0885,0.0861,0.0836,0.0855,0.0908
"13",0.0779,0.0753,0.073,0.0795,0.0742,0.0788,0.0734,0.0745,0.0774,0.0763,0.082,0.0775,0.0797,0.0806,0.0758,0.0721,0.0775,0.0846,0.0837,0.0811,0.0869,0.0871,0.0839,0.085,0.0922,0.0913,0.0923,0.0902,0.0913,0.0915,0.0916
"14",0.0828,0.0823,0.0811,0.081,0.0804,0.0783,0.0856,0.0793,0.0808,0.0753,0.0828,0.083,0.0852,0.0808,0.0834,0.0836,0.0829,0.088,0.0882,0.0856,0.0871,0.0929,0.0893,0.0901,0.0927,0.0949,0.0952,0.0943,0.0936,0.0995,0.0988
"15",0.0871,0.0867,0.0868,0.083,0.087,0.0795,0.0821,0.0852,0.0886,0.0838,0.0845,0.0889,0.092,0.0869,0.0861,0.0848,0.0889,0.0929,0.0909,0.0922,0.0952,0.0993,0.0972,0.094,0.0983,0.0973,0.0946,0.0964,0.096,0.1025,0.106
"16",0.0975,0.0911,0.0952,0.0887,0.0914,0.0932,0.0939,0.0947,0.0886,0.0885,0.0955,0.0935,0.0962,0.091,0.097,0.0902,0.0949,0.1001,0.1027,0.0974,0.0962,0.101,0.1003,0.1002,0.1053,0.1052,0.0988,0.1023,0.0977,0.1062,0.106
"17",0.0953,0.0968,0.0964,0.0939,0.0987,0.0969,0.092,0.0905,0.0979,0.0964,0.0998,0.0938,0.1043,0.0952,0.0955,0.1023,0.1,0.1024,0.1074,0.0971,0.0967,0.105,0.0998,0.1,0.1146,0.1163,0.1038,0.1098,0.108,0.1125,0.1107
"18",0.1025,0.1089,0.1026,0.0975,0.0971,0.0977,0.0957,0.0988,0.107,0.0958,0.0994,0.0977,0.0997,0.0997,0.0988,0.0982,0.1009,0.1078,0.1074,0.1066,0.1044,0.113,0.1074,0.1077,0.1194,0.1194,0.1124,0.1087,0.1108,0.1102,0.1087
"19",0.1105,0.0978,0.1051,0.1069,0.1057,0.1045,0.1006,0.1027,0.1019,0.0995,0.1066,0.1037,0.111,0.1038,0.1081,0.1039,0.1099,0.109,0.1101,0.1061,0.1128,0.1133,0.1122,0.1125,0.1166,0.1195,0.1155,0.1149,0.1182,0.121,0.1225
"20",0.108,0.1137,0.1065,0.1071,0.1078,0.1066,0.1091,0.1054,0.108,0.1078,0.1154,0.1053,0.1132,0.1105,0.1129,0.1103,0.114,0.1149,0.117,0.1155,0.1221,0.1255,0.1194,0.1169,0.1125,0.12,0.1228,0.1202,0.1127,0.1282,0.1226
"21",0.1209,0.1112,0.1166,0.1138,0.1109,0.1098,0.1124,0.1127,0.1173,0.111,0.1184,0.1149,0.1121,0.1121,0.1188,0.1128,0.1147,0.1155,0.125,0.116,0.1215,0.1231,0.1177,0.1231,0.1262,0.1289,0.1274,0.1218,0.1221,0.1268,0.1291
"22",0.1209,0.1143,0.1159,0.1167,0.1096,0.1168,0.1204,0.1194,0.1184,0.1215,0.125,0.1219,0.1218,0.1168,0.1234,0.1181,0.1201,0.1238,0.1243,0.1248,0.1251,0.1294,0.1198,0.1299,0.1312,0.1374,0.1315,0.129,0.1244,0.1257,0.1293
"23",0.1285,0.1183,0.1202,0.1238,0.1178,0.123,0.1197,0.12,0.1251,0.1202,0.1256,0.118,0.1236,0.1196,0.1214,0.1168,0.1224,0.1239,0.132,0.1273,0.1318,0.1309,0.1303,0.1244,0.1327,0.1417,0.132,0.1361,0.1315,0.1341,0.1368
"24",0.1299,0.1338,0.1274,0.1287,0.1265,0.1343,0.1251,0.1231,0.1227,0.1252,0.1241,0.1305,0.1302,0.1247,0.1247,0.1263,0.1259,0.1286,0.136,0.1299,0.1339,0.1401,0.132,0.1313,0.135,0.1366,0.1355,0.1402,0.1369,0.1436,0.1361
"25",0.1408,0.1309,0.1283,0.1274,0.1348,0.1278,0.1332,0.1315,0.1281,0.1318,0.1287,0.1264,0.1325,0.1308,0.1278,0.128,0.1373,0.1393,0.1441,0.1302,0.1365,0.1388,0.1377,0.1379,0.1419,0.1396,0.1414,0.143,0.1374,0.1464,0.1412
"26",0.1355,0.1391,0.1325,0.134,0.1332,0.1403,0.1357,0.1314,0.1361,0.1392,0.1355,0.1413,0.1395,0.1333,0.1319,0.1356,0.1389,0.1449,0.1404,0.1386,0.1425,0.1428,0.1408,0.1434,0.1447,0.1467,0.1382,0.141,0.1443,0.1512,0.1507
"27",0.1345,0.1407,0.1445,0.1444,0.1417,0.1404,0.1376,0.1333,0.137,0.1398,0.1362,0.1413,0.1327,0.1344,0.1394,0.1371,0.1456,0.149,0.1494,0.1386,0.1468,0.1461,0.1494,0.1456,0.1486,0.1539,0.1471,0.1535,0.1483,0.1574,0.1564
"28",0.1495,0.1454,0.1446,0.1435,0.1479,0.1456,0.143,0.1455,0.143,0.1392,0.1418,0.1473,0.1414,0.1423,0.1419,0.145,0.1457,0.1492,0.1474,0.1491,0.1499,0.158,0.1534,0.1533,0.152,0.1605,0.1524,0.1523,0.151,0.1599,0.1577
"29",0.1536,0.15,0.1511,0.1486,0.1521,0.1557,0.1474,0.1458,0.1504,0.1511,0.1484,0.1563,0.1538,0.1509,0.1545,0.1532,0.1484,0.1484,0.1581,0.1474,0.1522,0.1566,0.1552,0.1574,0.1625,0.1624,0.1562,0.1658,0.1533,0.1618,0.166
"30",0.149,0.1602,0.1567,0.15,0.1545,0.1531,0.1506,0.1558,0.1532,0.1526,0.153,0.1631,0.1505,0.1447,0.1582,0.1507,0.1531,0.1566,0.1569,0.156,0.1595,0.1621,0.1628,0.156,0.1578,0.1648,0.1614,0.1651,0.1552,0.1606,0.1677
"31",0.1574,0.1621,0.1579,0.1549,0.162,0.1609,0.1542,0.1552,0.1581,0.1506,0.1577,0.1534,0.1644,0.1603,0.1571,0.1656,0.1624,0.1657,0.1714,0.1528,0.1614,0.1668,0.1654,0.1642,0.1669,0.1648,0.1667,0.1646,0.1591,0.1706,0.1636
"32",0.166,0.1639,0.1664,0.1565,0.1587,0.1595,0.1637,0.1598,0.1642,0.1608,0.1574,0.1554,0.1743,0.167,0.1674,0.1656,0.1667,0.1641,0.1735,0.1608,0.1655,0.1665,0.1711,0.1699,0.1667,0.1679,0.1737,0.1618,0.1608,0.1756,0.1772
"33",0.1678,0.1693,0.1753,0.1612,0.1676,0.1628,0.162,0.1624,0.1671,0.1691,0.167,0.1664,0.1688,0.1636,0.1628,0.1634,0.1713,0.1724,0.1757,0.1634,0.1688,0.1759,0.1769,0.1741,0.1751,0.1711,0.1727,0.1741,0.1678,0.169,0.1737
"34",0.1781,0.1652,0.1701,0.1767,0.1738,0.1714,0.1675,0.1677,0.1722,0.1682,0.1738,0.173,0.1639,0.1738,0.1767,0.1698,0.1725,0.1708,0.1772,0.1795,0.1707,0.1859,0.1688,0.1691,0.1817,0.1823,0.1765,0.1759,0.1698,0.1845,0.1811
"35",0.1834,0.1788,0.1727,0.1809,0.1748,0.1749,0.1717,0.1816,0.1774,0.1693,0.1774,0.1695,0.1785,0.1797,0.1834,0.1695,0.1813,0.1838,0.1705,0.1668,0.1733,0.1807,0.1848,0.1811,0.176,0.1825,0.1746,0.1831,0.1831,0.1846,0.1871
"36",0.1816,0.1875,0.1815,0.1775,0.1811,0.1806,0.1706,0.1847,0.1802,0.1826,0.18,0.1796,0.1732,0.1825,0.18,0.1781,0.1843,0.1871,0.1883,0.1781,0.1806,0.1874,0.1798,0.1825,0.1954,0.1855,0.1794,0.181,0.1878,0.186,0.1853
"37",0.1832,0.1819,0.1854,0.1867,0.1922,0.1842,0.1859,0.1831,0.1766,0.1859,0.1892,0.1858,0.1907,0.1855,0.1867,0.1844,0.1865,0.1874,0.1867,0.1837,0.1876,0.1856,0.1919,0.1892,0.1902,0.1904,0.1889,0.1955,0.1875,0.1934,0.1968
"38",0.1935,0.1928,0.184,0.1854,0.1948,0.1911,0.178,0.1838,0.1968,0.1957,0.1997,0.1927,0.1913,0.1865,0.1858,0.1837,0.1912,0.1962,0.2,0.1872,0.1903,0.1981,0.1872,0.1869,0.1986,0.1949,0.1858,0.1986,0.1962,0.2028,0.194
"39",0.1953,0.2002,0.1957,0.192,0.1972,0.1989,0.1894,0.1887,0.1938,0.1929,0.1892,0.1919,0.1978,0.199,0.1881,0.1933,0.1946,0.1949,0.1956,0.1962,0.2006,0.1942,0.2003,0.1896,0.1994,0.203,0.2029,0.1991,0.1981,0.2082,0.1984
"40",0.2003,0.2019,0.1967,0.1969,0.1937,0.1911,0.2013,0.1961,0.2001,0.1935,0.1968,0.1992,0.1979,0.196,0.2006,0.1947,0.1958,0.1979,0.2057,0.1934,0.199,0.1963,0.2015,0.1997,0.2012,0.2138,0.2041,0.2059,0.198,0.2026,0.203
"41",0.2023,0.1931,0.2001,0.2003,0.1954,0.2033,0.2047,0.1994,0.1996,0.2017,0.2017,0.1986,0.2065,0.2025,0.2035,0.2049,0.2083,0.2038,0.201,0.2043,0.2061,0.2183,0.2085,0.2094,0.2114,0.2063,0.2082,0.2106,0.206,0.2065,0.1995
"42",0.2095,0.2069,0.2073,0.2108,0.2097,0.2004,0.2009,0.2007,0.208,0.2061,0.2023,0.2077,0.2075,0.2017,0.2074,0.1983,0.2128,0.2163,0.2051,0.2041,0.2094,0.2127,0.207,0.2099,0.212,0.2064,0.2145,0.2116,0.2053,0.2181,0.2063
"43",0.2023,0.2098,0.2094,0.2118,0.2125,0.2125,0.2071,0.215,0.21,0.2131,0.2116,0.2093,0.2177,0.2059,0.2106,0.2008,0.2175,0.2141,0.222,0.2112,0.2098,0.2051,0.2133,0.2106,0.217,0.2281,0.2146,0.2141,0.2138,0.221,0.2148
"44",0.2226,0.2136,0.2139,0.2213,0.2128,0.2153,0.2115,0.2119,0.2094,0.2107,0.2149,0.217,0.2114,0.2181,0.2167,0.2104,0.2187,0.213,0.2188,0.2171,0.2218,0.2225,0.2156,0.2253,0.2167,0.2154,0.2185,0.2192,0.2142,0.2174,0.2155
"45",0.2238,0.2281,0.2243,0.2215,0.2189,0.2171,0.2174,0.2123,0.2345,0.2192,0.2225,0.2233,0.2295,0.2191,0.2216,0.2139,0.2231,0.2223,0.2245,0.2114,0.2185,0.2248,0.2274,0.2175,0.2221,0.2256,0.2201,0.2199,0.2209,0.2309,0.2218
"46",0.2232,0.231,0.2153,0.2366,0.2262,0.221,0.224,0.2253,0.2236,0.234,0.2279,0.2241,0.2208,0.217,0.2272,0.2289,0.2328,0.2317,0.2311,0.2199,0.2256,0.2301,0.228,0.2204,0.225,0.2285,0.2248,0.2242,0.2238,0.2241,0.2337
"47",0.2314,0.2305,0.237,0.2208,0.2291,0.2267,0.2259,0.2274,0.2264,0.2262,0.2281,0.2313,0.2305,0.233,0.2252,0.2221,0.2296,0.2296,0.2339,0.2217,0.2285,0.2348,0.2268,0.2257,0.2337,0.2303,0.235,0.2322,0.23,0.2346,0.2359
"48",0.241,0.2359,0.2366,0.2337,0.2302,0.233,0.2308,0.2256,0.2349,0.2335,0.2342,0.2324,0.2403,0.2367,0.2384,0.2326,0.2394,0.2358,0.2405,0.2261,0.2393,0.2376,0.2282,0.2407,0.2357,0.2362,0.2318,0.2334,0.2262,0.2333,0.2309
"49",0.2416,0.2466,0.2343,0.2307,0.2435,0.2454,0.2349,0.2461,0.2357,0.2328,0.2356,0.2367,0.239,0.2273,0.2375,0.2286,0.2475,0.246,0.2487,0.2408,0.2398,0.247,0.2395,0.2351,0.2483,0.2465,0.2465,0.2391,0.2344,0.2391,0.2424
"50",0.25,0.2425,0.2486,0.2405,0.2434,0.2367,0.2395,0.2472,0.2435,0.2348,0.2459,0.2421,0.2451,0.2383,0.2356,0.243,0.2466,0.2484,0.2511,0.2432,0.2386,0.2407,0.2404,0.2432,0.2414,0.2452,0.2412,0.2477,0.239,0.2469,0.2334
"51",0.25,0.254,0.2544,0.239,0.2533,0.2428,0.2488,0.2441,0.2525,0.242,0.2486,0.2486,0.2459,0.2474,0.2486,0.2429,0.2488,0.2537,0.251,0.2515,0.2457,0.2578,0.2478,0.2467,0.2497,0.2581,0.2463,0.2488,0.24,0.2451,0.2414
"52",0.2495,0.2467,0.2503,0.2526,0.2559,0.2471,0.2402,0.2427,0.2568,0.2516,0.2553,0.2505,0.256,0.2466,0.2603,0.2527,0.2537,0.2534,0.2539,0.2447,0.257,0.2534,0.253,0.2471,0.2551,0.2524,0.2565,0.2528,0.2509,0.2545,0.2617
"53",0.2677,0.2598,0.2596,0.2569,0.2515,0.2566,0.2535,0.2553,0.2623,0.2576,0.2588,0.2572,0.2588,0.256,0.2532,0.2454,0.2583,0.2522,0.2661,0.2571,0.2552,0.26,0.2635,0.2609,0.2611,0.2578,0.2525,0.2621,0.2498,0.2518,0.2563
"54",0.2575,0.2621,0.2681,0.2606,0.2679,0.2662,0.2592,0.264,0.2645,0.2632,0.2642,0.26,0.2679,0.2658,0.2623,0.2493,0.2687,0.2624,0.2617,0.2525,0.2587,0.2697,0.2636,0.2598,0.2645,0.2666,0.2584,0.2675,0.2559,0.2612,0.2605
"55",0.2613,0.2668,0.2702,0.2655,0.2657,0.2616,0.2705,0.2628,0.272,0.2623,0.2674,0.2636,0.2764,0.2667,0.2735,0.2654,0.2724,0.27,0.262,0.2546,0.2704,0.2691,0.2593,0.2656,0.2704,0.2727,0.2618,0.2699,0.2647,0.2654,0.2653
"56",0.269,0.274,0.2701,0.276,0.2731,0.2683,0.2726,0.2712,0.273,0.2626,0.2771,0.273,0.2745,0.2643,0.2767,0.2687,0.2671,0.2786,0.2836,0.2572,0.2697,0.2754,0.2816,0.2652,0.2715,0.2796,0.2635,0.2684,0.2649,0.2735,0.2652
"57",0.2814,0.2783,0.2763,0.2736,0.2739,0.2743,0.2688,0.2731,0.2778,0.2695,0.2804,0.2747,0.2831,0.2728,0.2723,0.2781,0.28,0.2794,0.2777,0.266,0.2827,0.2735,0.2674,0.2756,0.2689,0.2731,0.2741,0.2791,0.2732,0.2747,0.2702
"58",0.2792,0.288,0.2795,0.2738,0.2743,0.2846,0.2812,0.2717,0.278,0.2803,0.2855,0.2814,0.2696,0.2745,0.2782,0.2686,0.2726,0.2803,0.2845,0.2741,0.2742,0.2703,0.2824,0.2839,0.2825,0.2769,0.2783,0.2818,0.2831,0.2735,0.2772
"59",0.2831,0.2877,0.2807,0.2908,0.2899,0.2801,0.2827,0.2781,0.2876,0.2901,0.2839,0.2879,0.2829,0.2773,0.2878,0.2878,0.2923,0.2821,0.2845,0.2765,0.2921,0.2833,0.2916,0.2792,0.284,0.2759,0.2784,0.286,0.2856,0.2801,0.279
"60",0.2974,0.2932,0.2894,0.2845,0.2785,0.2867,0.3015,0.2814,0.2924,0.283,0.2868,0.2876,0.2847,0.2843,0.2905,0.2826,0.2949,0.2949,0.2899,0.2758,0.2859,0.2919,0.286,0.2769,0.2878,0.2809,0.2881,0.2852,0.2753,0.2876,0.283
"61",0.2866,0.2962,0.2958,0.2991,0.2906,0.2966,0.2897,0.2792,0.2878,0.2899,0.3063,0.29,0.3035,0.2896,0.2964,0.2919,0.2929,0.2942,0.2997,0.2888,0.295,0.2849,0.2868,0.2933,0.2922,0.2985,0.2871,0.2968,0.2838,0.2871,0.2869
"62",0.3031,0.3011,0.3026,0.2903,0.2992,0.2966,0.306,0.2994,0.3021,0.2979,0.2969,0.3033,0.2966,0.3023,0.3001,0.2947,0.2908,0.2948,0.2966,0.2899,0.3013,0.3047,0.2992,0.2902,0.3061,0.2955,0.2883,0.2977,0.2895,0.2951,0.2937
"63",0.3056,0.3057,0.3086,0.3081,0.2997,0.3081,0.3074,0.2996,0.3086,0.2968,0.3012,0.3033,0.3065,0.302,0.3044,0.298,0.3047,0.3123,0.2984,0.2931,0.2959,0.3086,0.2962,0.2961,0.3044,0.3057,0.2988,0.3047,0.291,0.2974,0.2963
"64",0.3078,0.309,0.3075,0.31,0.3048,0.307,0.3048,0.3012,0.3129,0.3179,0.3107,0.3097,0.3038,0.3042,0.3106,0.3098,0.3049,0.2953,0.3063,0.3055,0.3005,0.3151,0.3066,0.3057,0.3025,0.3037,0.306,0.3036,0.2979,0.3091,0.2984
"65",0.3189,0.3057,0.3142,0.3138,0.3091,0.3116,0.318,0.3061,0.3101,0.3114,0.315,0.3066,0.3122,0.304,0.306,0.3096,0.3101,0.3114,0.3149,0.31,0.3072,0.3148,0.3162,0.3045,0.3128,0.3153,0.305,0.3072,0.2951,0.3075,0.3141
"66",0.3212,0.3196,0.3249,0.3127,0.3177,0.311,0.3242,0.3113,0.3171,0.3142,0.3154,0.3088,0.3167,0.3204,0.3216,0.3181,0.3121,0.3165,0.3177,0.3007,0.3161,0.3221,0.3102,0.3082,0.3094,0.3122,0.3152,0.3141,0.3128,0.3103,0.3083
"67",0.3233,0.3247,0.3348,0.3168,0.3195,0.3236,0.3186,0.3203,0.3172,0.3188,0.3233,0.3222,0.3141,0.3138,0.3162,0.3166,0.3283,0.3155,0.3229,0.3232,0.3156,0.3213,0.327,0.3093,0.316,0.3229,0.3165,0.3178,0.3143,0.3168,0.3153
"68",0.3226,0.3282,0.333,0.3236,0.3256,0.3171,0.3199,0.3282,0.3286,0.3271,0.3288,0.3203,0.3255,0.3231,0.325,0.3259,0.3322,0.3269,0.3226,0.3232,0.3335,0.328,0.327,0.3161,0.3153,0.326,0.3228,0.3199,0.3136,0.319,0.3121
"69",0.3391,0.3322,0.3288,0.3337,0.3343,0.3287,0.3295,0.3303,0.3372,0.3359,0.3263,0.3413,0.3331,0.334,0.327,0.3351,0.336,0.3395,0.3328,0.329,0.3257,0.3295,0.3316,0.3221,0.3266,0.3338,0.3193,0.3271,0.3258,0.331,0.325
"70",0.3452,0.3331,0.3357,0.3337,0.3405,0.3355,0.3345,0.334,0.3349,0.3357,0.3387,0.3315,0.3387,0.3404,0.3343,0.3294,0.3379,0.3407,0.3394,0.3312,0.3312,0.3405,0.3402,0.3326,0.3317,0.3312,0.3328,0.3209,0.3256,0.33,0.3241
"71",0.3478,0.3471,0.3486,0.3374,0.3352,0.3357,0.34,0.3321,0.3414,0.3382,0.3372,0.3419,0.3464,0.3341,0.351,0.3314,0.342,0.338,0.3433,0.3356,0.3286,0.3448,0.3466,0.3305,0.3352,0.3408,0.3423,0.3337,0.3308,0.3369,0.3342
"72",0.3454,0.3525,0.342,0.3485,0.3487,0.3464,0.3413,0.3449,0.3492,0.3498,0.3427,0.3544,0.3468,0.3418,0.3476,0.3432,0.3421,0.3412,0.3496,0.3451,0.3445,0.3571,0.3342,0.3393,0.3519,0.3351,0.337,0.3396,0.332,0.3328,0.3294
"73",0.3523,0.3544,0.3441,0.3508,0.3582,0.3486,0.3496,0.3422,0.3605,0.348,0.3547,0.3539,0.3568,0.3444,0.3485,0.3508,0.3475,0.3531,0.3527,0.3352,0.3452,0.3459,0.3528,0.3453,0.353,0.3538,0.3417,0.3477,0.3376,0.3567,0.3372
"74",0.3519,0.354,0.3505,0.3605,0.3581,0.3607,0.3506,0.3541,0.3522,0.3659,0.3606,0.3545,0.3517,0.3584,0.3586,0.3468,0.3564,0.349,0.3612,0.3453,0.3551,0.3573,0.3514,0.3488,0.347,0.3504,0.3496,0.3453,0.3395,0.3479,0.3404
"75",0.359,0.3582,0.3669,0.3642,0.3621,0.3618,0.3576,0.3518,0.3566,0.365,0.3592,0.3617,0.3576,0.3605,0.359,0.3599,0.3577,0.3577,0.3639,0.3536,0.3619,0.3653,0.3619,0.3537,0.3547,0.359,0.3566,0.349,0.3492,0.3477,0.3448
"76",0.3672,0.3725,0.3603,0.3652,0.3713,0.3594,0.3621,0.3659,0.3659,0.3706,0.3708,0.3725,0.3606,0.3739,0.3591,0.3608,0.3607,0.3623,0.3688,0.3566,0.3563,0.3648,0.3568,0.3603,0.3633,0.3605,0.3537,0.3615,0.3511,0.3458,0.3491
"77",0.3861,0.3777,0.3641,0.3705,0.3743,0.3707,0.3789,0.3621,0.3688,0.3654,0.3663,0.3648,0.3716,0.3677,0.3677,0.3657,0.3686,0.3699,0.364,0.3559,0.3684,0.3682,0.3632,0.3538,0.3598,0.3622,0.3656,0.3589,0.3509,0.3563,0.3552
"78",0.3787,0.3738,0.3784,0.3708,0.3709,0.3713,0.3757,0.3744,0.38,0.3737,0.381,0.3746,0.3779,0.373,0.3719,0.3686,0.3754,0.3863,0.371,0.3589,0.3705,0.374,0.368,0.3645,0.3601,0.3654,0.3598,0.3668,0.355,0.3611,0.3623
"79",0.3853,0.3828,0.3766,0.3759,0.3836,0.3742,0.3765,0.3873,0.3775,0.3808,0.3681,0.3841,0.3763,0.3789,0.3871,0.3678,0.3738,0.3715,0.3748,0.3723,0.3744,0.378,0.3744,0.3751,0.3788,0.3729,0.3627,0.3681,0.3687,0.3696,0.3629
"80",0.3773,0.3799,0.3794,0.3765,0.3817,0.3814,0.3881,0.3842,0.3832,0.3794,0.3799,0.3827,0.3817,0.3787,0.3868,0.3758,0.389,0.3866,0.3883,0.3728,0.3759,0.3839,0.3759,0.3764,0.3845,0.3802,0.3741,0.3721,0.3786,0.3743,0.3728
"81",0.3921,0.3844,0.3989,0.3889,0.3904,0.3905,0.3887,0.3862,0.3861,0.3932,0.3898,0.3893,0.3841,0.3882,0.3852,0.3776,0.3867,0.3776,0.381,0.3819,0.3851,0.3929,0.3789,0.3789,0.3758,0.3803,0.3776,0.3773,0.3793,0.3701,0.3798
"82",0.3989,0.3944,0.3883,0.3854,0.3933,0.3843,0.3886,0.3913,0.3923,0.3928,0.3926,0.3936,0.3922,0.3942,0.3919,0.3955,0.3996,0.398,0.3889,0.3884,0.3919,0.3873,0.3899,0.3858,0.3863,0.3932,0.3879,0.3853,0.3696,0.3843,0.3769
"83",0.4009,0.3955,0.403,0.3969,0.4074,0.3939,0.3998,0.4027,0.3961,0.3937,0.4055,0.4048,0.4004,0.3947,0.3948,0.3865,0.392,0.3954,0.3928,0.3873,0.4028,0.3999,0.3948,0.3856,0.3909,0.3923,0.3809,0.3954,0.3808,0.3921,0.3881
"84",0.4061,0.4104,0.408,0.4099,0.4079,0.4027,0.401,0.4048,0.4189,0.4014,0.4128,0.4045,0.4055,0.4031,0.4097,0.4012,0.3971,0.3941,0.4104,0.3964,0.4063,0.403,0.3942,0.3951,0.3982,0.3922,0.3979,0.3965,0.3908,0.3927,0.3896
"85",0.3977,0.4114,0.4105,0.4017,0.4098,0.4081,0.4028,0.4073,0.4109,0.415,0.4148,0.4088,0.4137,0.405,0.4077,0.4049,0.4108,0.4097,0.4104,0.4029,0.4038,0.4072,0.4089,0.3922,0.3999,0.4037,0.4043,0.3903,0.3902,0.4014,0.3858
"86",0.4099,0.4153,0.4093,0.4158,0.4166,0.4018,0.4101,0.4059,0.4176,0.4157,0.4198,0.4144,0.4115,0.4159,0.4112,0.4014,0.4163,0.409,0.4102,0.4048,0.4078,0.4092,0.3956,0.4045,0.4026,0.4087,0.4012,0.4003,0.4023,0.3998,0.401
"87",0.4206,0.4235,0.4203,0.4196,0.4213,0.4144,0.4064,0.4184,0.4242,0.4177,0.4265,0.4266,0.4201,0.4066,0.421,0.4223,0.4148,0.417,0.4181,0.4099,0.4215,0.4235,0.4083,0.4101,0.4042,0.4126,0.4091,0.4068,0.4062,0.4059,0.4082
"88",0.4181,0.4226,0.4186,0.4265,0.4205,0.4194,0.4265,0.4105,0.4268,0.4314,0.4208,0.422,0.4189,0.426,0.4218,0.4131,0.4276,0.4176,0.4262,0.4161,0.431,0.4292,0.4192,0.4123,0.4237,0.4195,0.4084,0.4159,0.4047,0.416,0.4054
"89",0.4311,0.4299,0.4254,0.4205,0.4263,0.4209,0.431,0.4281,0.4375,0.4236,0.4322,0.432,0.4243,0.427,0.4316,0.4251,0.4255,0.4296,0.4303,0.4269,0.4325,0.4251,0.425,0.4201,0.4156,0.4198,0.4192,0.4134,0.4184,0.4169,0.417
"90",0.4298,0.4336,0.4358,0.4326,0.427,0.4341,0.4331,0.4346,0.4316,0.4314,0.4349,0.4264,0.4371,0.4217,0.4326,0.4333,0.4282,0.4282,0.4344,0.4282,0.4212,0.431,0.4243,0.4235,0.4299,0.4298,0.4213,0.4153,0.4131,0.4179,0.4184
"91",0.4331,0.4429,0.4411,0.4348,0.4336,0.4359,0.4383,0.4287,0.4401,0.4431,0.4325,0.4436,0.4383,0.4348,0.4428,0.4371,0.4416,0.4339,0.4268,0.4351,0.4398,0.4304,0.4273,0.4294,0.43,0.4344,0.4194,0.4246,0.4229,0.4224,0.4287
"92",0.4401,0.4389,0.4435,0.4428,0.4449,0.4361,0.4487,0.4498,0.4511,0.4405,0.4476,0.447,0.4396,0.4427,0.4347,0.4431,0.4323,0.4368,0.4483,0.4372,0.4403,0.4376,0.4401,0.4337,0.4326,0.4328,0.4318,0.4267,0.4251,0.4245,0.4292
"93",0.4534,0.4455,0.4545,0.4507,0.455,0.4508,0.4439,0.4452,0.4569,0.446,0.4538,0.4448,0.45,0.4479,0.4426,0.435,0.4465,0.4383,0.4528,0.4383,0.4446,0.445,0.4447,0.4443,0.4302,0.4411,0.4357,0.4318,0.4338,0.435,0.4461
"94",0.4516,0.454,0.4671,0.4493,0.4602,0.4441,0.4526,0.4525,0.4612,0.4524,0.4602,0.4612,0.4539,0.4505,0.4499,0.4446,0.4561,0.4499,0.4645,0.4415,0.4557,0.4523,0.4502,0.4372,0.4472,0.4481,0.4395,0.4392,0.4316,0.4405,0.4418
"95",0.4569,0.4619,0.461,0.4574,0.4676,0.4592,0.4537,0.4537,0.4545,0.4493,0.4635,0.4542,0.4582,0.4545,0.4428,0.461,0.4665,0.4559,0.4526,0.4474,0.4481,0.4635,0.458,0.4443,0.4477,0.4576,0.4518,0.4464,0.4452,0.4424,0.4453
"96",0.4569,0.477,0.4756,0.4641,0.4648,0.453,0.4615,0.4602,0.4699,0.4636,0.4742,0.4604,0.4643,0.4643,0.462,0.4498,0.4649,0.4576,0.466,0.4511,0.4669,0.4558,0.4572,0.4442,0.4508,0.455,0.4448,0.452,0.4441,0.4487,0.4427
"97",0.4724,0.4734,0.4706,0.4601,0.4656,0.458,0.469,0.4652,0.475,0.4694,0.4701,0.4718,0.4714,0.4748,0.4674,0.465,0.4659,0.4611,0.4624,0.455,0.462,0.4655,0.4653,0.4467,0.4484,0.4564,0.4531,0.4588,0.4533,0.4528,0.4487
"98",0.484,0.4794,0.4804,0.467,0.477,0.4705,0.4827,0.465,0.4731,0.479,0.4693,0.4784,0.4731,0.4735,0.4649,0.4738,0.4697,0.4681,0.4752,0.4749,0.4718,0.4701,0.4709,0.4601,0.4692,0.4608,0.4541,0.4626,0.4602,0.4669,0.4651
"99",0.4719,0.4778,0.4842,0.4838,0.4738,0.4841,0.4692,0.4735,0.4915,0.4794,0.4798,0.4703,0.4793,0.4749,0.4782,0.4697,0.4754,0.4758,0.4775,0.4734,0.4619,0.4781,0.4772,0.4671,0.4685,0.4722,0.4543,0.4684,0.4549,0.4632,0.4586
"100",0.4838,0.4711,0.4877,0.4846,0.4805,0.4869,0.4891,0.4812,0.491,0.492,0.4819,0.4835,0.4893,0.4782,0.4861,0.4791,0.4765,0.4807,0.478,0.4789,0.4744,0.4707,0.4752,0.4623,0.4754,0.4758,0.4802,0.4682,0.4625,0.4778,0.469
"101",0.4958,0.4889,0.4805,0.4954,0.4911,0.4858,0.4934,0.4866,0.4843,0.4946,0.4901,0.4881,0.4873,0.4792,0.4859,0.4758,0.478,0.4874,0.4984,0.4852,0.4753,0.4882,0.4835,0.4664,0.4827,0.485,0.4704,0.4727,0.4783,0.4673,0.4751
"102",0.4845,0.4918,0.4994,0.4869,0.4959,0.4978,0.4948,0.4974,0.4949,0.5043,0.4959,0.5044,0.4939,0.4903,0.49,0.49,0.4911,0.495,0.4891,0.4943,0.4903,0.4939,0.4833,0.4772,0.4815,0.4868,0.4812,0.4824,0.4789,0.4749,0.4823
"103",0.5034,0.5027,0.4999,0.4955,0.4986,0.5074,0.4978,0.4972,0.505,0.4943,0.504,0.5025,0.495,0.4957,0.4991,0.4952,0.4971,0.5012,0.499,0.4945,0.4949,0.4987,0.4908,0.4892,0.486,0.4921,0.482,0.4867,0.4884,0.4823,0.4861
"104",0.5131,0.5158,0.5104,0.4963,0.5043,0.4995,0.506,0.5038,0.5033,0.5135,0.5074,0.5096,0.4992,0.4991,0.5119,0.5023,0.4945,0.4966,0.5061,0.4932,0.5061,0.5011,0.5012,0.4895,0.4991,0.4922,0.4822,0.4928,0.4923,0.495,0.4858
"105",0.515,0.5078,0.5144,0.5127,0.511,0.5129,0.5067,0.5057,0.512,0.5081,0.5133,0.5062,0.5058,0.5037,0.5134,0.5063,0.5145,0.5019,0.5106,0.501,0.512,0.5089,0.5093,0.4963,0.5065,0.4984,0.495,0.5004,0.4897,0.4994,0.4916
"106",0.5132,0.515,0.5173,0.516,0.5218,0.513,0.5063,0.5133,0.5173,0.5119,0.5151,0.5145,0.5058,0.5135,0.5165,0.5026,0.516,0.5107,0.5144,0.5025,0.5164,0.5088,0.5054,0.5063,0.5132,0.5038,0.4955,0.5013,0.4958,0.5002,0.5038
"107",0.528,0.5184,0.5199,0.5095,0.5146,0.5154,0.5277,0.5141,0.519,0.5292,0.5122,0.5144,0.5202,0.5128,0.5263,0.5094,0.5202,0.5138,0.5169,0.5072,0.505,0.5141,0.516,0.5022,0.509,0.5155,0.5074,0.5031,0.5057,0.507,0.5018
"108",0.5294,0.5224,0.517,0.5304,0.5265,0.5236,0.5343,0.5233,0.5286,0.5318,0.523,0.5279,0.5271,0.518,0.5265,0.5164,0.5214,0.5153,0.5229,0.5144,0.5151,0.5211,0.5181,0.519,0.5175,0.5194,0.5088,0.5093,0.5102,0.5072,0.5096
"109",0.5426,0.5289,0.531,0.5294,0.5236,0.5218,0.5274,0.5244,0.5372,0.5308,0.5206,0.5342,0.5318,0.5257,0.5261,0.5201,0.5187,0.5296,0.5296,0.5142,0.5218,0.5234,0.5235,0.5132,0.515,0.5259,0.5195,0.526,0.5153,0.5119,0.5215
"110",0.5419,0.5309,0.5322,0.5351,0.5349,0.5305,0.5251,0.5322,0.5299,0.53,0.5291,0.5333,0.5384,0.5314,0.5354,0.5189,0.531,0.5309,0.5288,0.5251,0.5363,0.5337,0.5292,0.5116,0.5312,0.5262,0.5274,0.5208,0.5222,0.5134,0.5231
"111",0.5344,0.548,0.5484,0.5427,0.5483,0.5407,0.5396,0.5417,0.5409,0.5465,0.534,0.552,0.5351,0.5338,0.5412,0.5409,0.5386,0.5319,0.5354,0.5252,0.5384,0.5351,0.5486,0.5234,0.5306,0.5304,0.5255,0.533,0.531,0.5297,0.5237
"112",0.5454,0.5487,0.5432,0.5433,0.5434,0.5547,0.5454,0.541,0.5404,0.5435,0.5432,0.55,0.5292,0.5426,0.5428,0.5408,0.5349,0.5343,0.553,0.5356,0.5393,0.5365,0.535,0.534,0.5401,0.5338,0.5286,0.5384,0.5377,0.5347,0.5262
"113",0.5498,0.5466,0.552,0.5444,0.5537,0.5542,0.5477,0.5467,0.5511,0.5513,0.5495,0.5552,0.5482,0.5423,0.5498,0.5444,0.5477,0.5454,0.5541,0.5462,0.5324,0.546,0.5464,0.5466,0.5357,0.5478,0.5377,0.5398,0.5377,0.5338,0.5296
"114",0.5531,0.5507,0.5582,0.551,0.5601,0.5626,0.5493,0.5543,0.5513,0.5609,0.5622,0.5596,0.554,0.5491,0.5498,0.5416,0.5532,0.5541,0.5466,0.5456,0.5443,0.5566,0.543,0.5415,0.5447,0.535,0.5518,0.5446,0.538,0.5531,0.5409
"115",0.5615,0.5668,0.5609,0.5598,0.5667,0.5538,0.5669,0.5554,0.5619,0.5617,0.5681,0.5624,0.5605,0.5654,0.5625,0.5589,0.5603,0.5614,0.5592,0.5583,0.5664,0.5587,0.5598,0.545,0.5486,0.5533,0.5397,0.5476,0.552,0.5442,0.5466
"116",0.5666,0.5685,0.5552,0.5715,0.5667,0.5666,0.5664,0.5622,0.572,0.5665,0.5693,0.5609,0.5678,0.5742,0.5673,0.5618,0.574,0.5734,0.5655,0.5587,0.5676,0.5603,0.5579,0.5517,0.551,0.5586,0.558,0.5576,0.5548,0.5458,0.537
"117",0.568,0.5683,0.5553,0.5695,0.566,0.5652,0.5732,0.5728,0.5766,0.5666,0.5773,0.5713,0.5682,0.5667,0.5673,0.5692,0.5772,0.5581,0.5671,0.5655,0.5684,0.5797,0.5698,0.5521,0.5677,0.5615,0.5633,0.5509,0.5561,0.5634,0.5562
"118",0.5792,0.5797,0.5668,0.5748,0.5744,0.5763,0.5736,0.5841,0.5819,0.5771,0.57,0.5728,0.5759,0.5682,0.5859,0.5686,0.5839,0.572,0.5691,0.5715,0.5712,0.5639,0.5765,0.5645,0.5658,0.5691,0.5709,0.5783,0.5613,0.5574,0.5667
"119",0.5813,0.5858,0.5818,0.5788,0.5778,0.5752,0.5793,0.5817,0.5892,0.5919,0.586,0.5767,0.5782,0.5739,0.5869,0.5673,0.5724,0.5757,0.5697,0.5698,0.5746,0.5815,0.5745,0.5679,0.5667,0.577,0.5694,0.5766,0.5587,0.568,0.5569
"120",0.5837,0.5951,0.5904,0.5859,0.5893,0.5854,0.5843,0.5785,0.5799,0.5881,0.5921,0.5863,0.5927,0.5889,0.588,0.5887,0.5874,0.5844,0.5945,0.577,0.5878,0.5832,0.5844,0.5752,0.5789,0.5839,0.5724,0.5758,0.5772,0.5831,0.5707
"121",0.5964,0.5964,0.5844,0.5886,0.5913,0.5944,0.5852,0.5975,0.6005,0.6043,0.5864,0.5987,0.5898,0.5915,0.5973,0.5863,0.5903,0.5846,0.5922,0.5853,0.5838,0.5847,0.5897,0.5742,0.5804,0.5822,0.5848,0.5926,0.5761,0.5784,0.5737
"122",0.5933,0.6026,0.5998,0.6023,0.5928,0.5889,0.5978,0.5964,0.5939,0.5983,0.5998,0.5923,0.5921,0.5959,0.6046,0.5897,0.5967,0.5884,0.597,0.5871,0.594,0.5883,0.5952,0.5846,0.5844,0.5894,0.5905,0.5888,0.5921,0.5804,0.5777
"123",0.5989,0.6093,0.6074,0.596,0.611,0.6095,0.5981,0.6035,0.612,0.6167,0.61,0.6109,0.5953,0.5927,0.6025,0.5916,0.6061,0.5992,0.6012,0.5985,0.6076,0.597,0.5985,0.5992,0.5851,0.5996,0.5865,0.5946,0.5884,0.5924,0.5945
"124",0.6098,0.6154,0.6102,0.6167,0.6127,0.6102,0.5996,0.6048,0.6035,0.6113,0.6108,0.6094,0.6096,0.605,0.6006,0.597,0.6063,0.6136,0.6011,0.5919,0.6081,0.6023,0.6045,0.601,0.6065,0.5906,0.5925,0.5925,0.5915,0.5981,0.5874
"125",0.6233,0.6252,0.608,0.6199,0.6132,0.6196,0.6069,0.612,0.6165,0.6052,0.6109,0.6227,0.6187,0.6109,0.6111,0.6064,0.6228,0.6103,0.6102,0.6102,0.6134,0.6154,0.6086,0.5965,0.6043,0.6035,0.6016,0.6043,0.5968,0.6039,0.6017
"126",0.6174,0.6164,0.6255,0.6232,0.6218,0.6208,0.6189,0.6216,0.6203,0.6224,0.6224,0.6192,0.6163,0.6151,0.6143,0.6137,0.6204,0.61,0.621,0.6132,0.6171,0.6173,0.6147,0.6105,0.6121,0.6058,0.605,0.6056,0.6167,0.6045,0.6043
"127",0.6202,0.6318,0.6293,0.6275,0.6253,0.6152,0.6247,0.621,0.6201,0.6182,0.6234,0.6214,0.6253,0.6222,0.6276,0.6104,0.6163,0.6158,0.619,0.6225,0.6292,0.6236,0.6165,0.6066,0.6209,0.6222,0.6111,0.6157,0.6126,0.6074,0.6083
"128",0.6331,0.6283,0.6309,0.6313,0.6287,0.627,0.6303,0.6324,0.632,0.6328,0.6329,0.635,0.6238,0.6359,0.6219,0.6209,0.6312,0.6298,0.6281,0.6243,0.6242,0.619,0.6174,0.6197,0.6306,0.6148,0.6186,0.6156,0.6143,0.6154,0.6136
"129",0.643,0.6387,0.6309,0.623,0.6335,0.6352,0.6408,0.6284,0.6389,0.6283,0.631,0.6331,0.6311,0.6355,0.6315,0.6386,0.6342,0.632,0.6246,0.618,0.6395,0.6337,0.6293,0.6285,0.6326,0.6228,0.6237,0.627,0.621,0.6261,0.6184
"130",0.6375,0.6431,0.6444,0.638,0.6415,0.6378,0.6395,0.6407,0.6356,0.6366,0.6457,0.6425,0.6377,0.6369,0.6461,0.6321,0.6303,0.642,0.6319,0.6356,0.6403,0.6373,0.6483,0.631,0.634,0.6236,0.6295,0.6313,0.6257,0.6361,0.6176
"131",0.6457,0.6459,0.6512,0.6393,0.6436,0.6497,0.6548,0.6354,0.6437,0.6525,0.6348,0.648,0.6391,0.6465,0.6514,0.6397,0.6501,0.6445,0.6484,0.6295,0.6452,0.6451,0.6409,0.6348,0.6311,0.6382,0.6335,0.6395,0.6323,0.6345,0.63
"132",0.6421,0.6616,0.6562,0.6456,0.6587,0.6552,0.6477,0.6524,0.6486,0.65,0.6506,0.6526,0.6419,0.6563,0.6523,0.6387,0.6506,0.6508,0.6502,0.6498,0.6531,0.65,0.6559,0.635,0.6485,0.6446,0.6428,0.6475,0.6432,0.6445,0.6345
"133",0.6594,0.6529,0.6557,0.6546,0.6558,0.6482,0.6517,0.6645,0.6527,0.6582,0.6599,0.6561,0.6496,0.6521,0.6485,0.6506,0.6517,0.6458,0.6543,0.6477,0.6531,0.6467,0.6502,0.6424,0.64,0.6471,0.6443,0.6487,0.6475,0.6448,0.6413
"134",0.6564,0.6627,0.6694,0.6596,0.6558,0.6626,0.6602,0.6628,0.6541,0.6666,0.6531,0.6638,0.6611,0.6646,0.658,0.6546,0.6629,0.662,0.664,0.6599,0.6674,0.6544,0.6547,0.6482,0.6498,0.6572,0.6526,0.6552,0.6577,0.6515,0.6553
"135",0.6655,0.6639,0.6659,0.6727,0.6708,0.671,0.6558,0.6712,0.6638,0.662,0.6653,0.6715,0.6687,0.6693,0.6669,0.6673,0.6674,0.6574,0.665,0.6592,0.6688,0.6618,0.6751,0.6594,0.6543,0.6564,0.648,0.6666,0.6557,0.6575,0.6561
"136",0.6753,0.6768,0.6681,0.6745,0.6736,0.671,0.6651,0.6724,0.6792,0.6742,0.6708,0.6741,0.6754,0.6618,0.677,0.6626,0.6782,0.6665,0.6707,0.6654,0.6716,0.6688,0.6717,0.67,0.6627,0.6703,0.6693,0.6597,0.6688,0.6645,0.6578
"137",0.6791,0.6776,0.6779,0.6814,0.6855,0.6668,0.6785,0.6698,0.681,0.6818,0.6729,0.6777,0.6736,0.6743,0.6757,0.6715,0.6819,0.6798,0.6762,0.6713,0.6747,0.6842,0.6829,0.6693,0.6742,0.6793,0.6671,0.6737,0.6714,0.6655,0.6696
"138",0.6879,0.6918,0.6828,0.6829,0.6873,0.6861,0.685,0.6867,0.6766,0.6898,0.6806,0.675,0.6794,0.6798,0.6877,0.6788,0.6814,0.6712,0.6782,0.675,0.6829,0.6878,0.6793,0.6774,0.6748,0.6817,0.6774,0.6861,0.6769,0.6776,0.6714
"139",0.6854,0.6892,0.689,0.6922,0.6894,0.6905,0.6896,0.6835,0.6892,0.6897,0.6836,0.6915,0.6815,0.6912,0.6917,0.6873,0.6898,0.6817,0.6993,0.6792,0.6916,0.6863,0.6859,0.6917,0.6755,0.6899,0.6767,0.68,0.678,0.6851,0.6798
"140",0.6932,0.6939,0.6974,0.6893,0.6994,0.6902,0.6898,0.6881,0.6951,0.6969,0.6946,0.699,0.6919,0.6959,0.6971,0.6851,0.6859,0.6949,0.6935,0.6861,0.6865,0.6862,0.6937,0.6805,0.6902,0.686,0.6814,0.6844,0.6857,0.6788,0.6793
"141",0.6941,0.7044,0.6982,0.7007,0.7005,0.7049,0.6942,0.7038,0.7077,0.7015,0.7167,0.6938,0.6926,0.7057,0.7017,0.6957,0.6993,0.7023,0.703,0.6932,0.6914,0.6978,0.6938,0.695,0.6976,0.6888,0.6911,0.6947,0.6931,0.6991,0.6967
"142",0.7049,0.7041,0.7074,0.712,0.7075,0.7013,0.707,0.7082,0.7038,0.7022,0.705,0.7032,0.6963,0.7113,0.7036,0.709,0.7107,0.7019,0.709,0.7005,0.7063,0.6998,0.7028,0.6976,0.6923,0.6958,0.7016,0.7035,0.7036,0.6956,0.6967
"143",0.7038,0.7169,0.7083,0.7065,0.7126,0.7088,0.7079,0.7174,0.7083,0.7122,0.7091,0.7071,0.7032,0.7095,0.7118,0.7107,0.7102,0.7147,0.7107,0.7077,0.7191,0.7069,0.711,0.7041,0.7096,0.7011,0.7061,0.7075,0.7111,0.7115,0.7028
"144",0.7054,0.722,0.7183,0.7128,0.7158,0.7144,0.7161,0.7189,0.7171,0.7127,0.7239,0.7256,0.7132,0.7105,0.7213,0.7125,0.723,0.7154,0.7144,0.7027,0.713,0.7166,0.7186,0.7067,0.7064,0.7173,0.7122,0.7153,0.7088,0.7179,0.7048
"145",0.7215,0.7198,0.7227,0.7271,0.7235,0.711,0.7215,0.707,0.7206,0.7293,0.7275,0.7202,0.7154,0.72,0.7221,0.7092,0.7188,0.7206,0.7153,0.7091,0.7224,0.7206,0.7258,0.7131,0.7143,0.7235,0.7154,0.7162,0.7157,0.7233,0.7206
"146",0.7237,0.7289,0.7275,0.7219,0.7329,0.7266,0.7199,0.7286,0.7266,0.73,0.725,0.7293,0.729,0.7246,0.7327,0.7294,0.724,0.7276,0.7285,0.725,0.7341,0.7279,0.7136,0.7253,0.724,0.7267,0.7178,0.7206,0.7214,0.7198,0.7254
"147",0.7377,0.7335,0.7404,0.7379,0.7355,0.7288,0.7317,0.7345,0.7296,0.7314,0.7425,0.7352,0.7234,0.729,0.7329,0.7367,0.7333,0.7257,0.7375,0.7219,0.74,0.7324,0.7337,0.7258,0.7173,0.7271,0.7266,0.7323,0.7345,0.7333,0.7224
"148",0.7371,0.7386,0.7382,0.735,0.7352,0.7324,0.7336,0.7346,0.7358,0.7384,0.7421,0.7414,0.7467,0.7328,0.7406,0.7341,0.739,0.7445,0.7324,0.7304,0.7345,0.7437,0.7369,0.7388,0.7297,0.7347,0.737,0.7404,0.7402,0.7332,0.729
"149",0.739,0.7446,0.7472,0.7456,0.7458,0.7332,0.7494,0.7434,0.7493,0.7473,0.739,0.7492,0.7408,0.7406,0.7469,0.7327,0.7464,0.7418,0.7474,0.7417,0.7432,0.7454,0.7496,0.7411,0.7406,0.7426,0.7393,0.7437,0.7557,0.7396,0.7384
"150",0.7498,0.7496,0.7494,0.7442,0.7525,0.7527,0.7441,0.7481,0.75,0.7494,0.7466,0.7479,0.7417,0.7491,0.7469,0.7493,0.753,0.7551,0.7564,0.7388,0.7523,0.7524,0.7434,0.7471,0.7373,0.7457,0.7464,0.7471,0.7522,0.7521,0.7428
"151",0.7535,0.7514,0.7518,0.7538,0.7474,0.7473,0.7559,0.7622,0.752,0.7561,0.7567,0.7548,0.7488,0.7518,0.7591,0.7533,0.7609,0.7569,0.7556,0.7527,0.7617,0.764,0.7542,0.743,0.7553,0.751,0.7529,0.7566,0.762,0.7483,0.7401
"152",0.7593,0.7596,0.7529,0.7487,0.7592,0.7573,0.7598,0.7666,0.7639,0.7686,0.7663,0.7678,0.7611,0.7585,0.7594,0.7549,0.7658,0.7567,0.7607,0.7579,0.7628,0.7574,0.7603,0.7578,0.7594,0.7691,0.7552,0.7554,0.7606,0.7663,0.7604
"153",0.7631,0.7669,0.7708,0.766,0.7665,0.7647,0.7614,0.7696,0.7684,0.7606,0.7675,0.7709,0.7558,0.7688,0.7648,0.7676,0.7666,0.7686,0.7642,0.7553,0.7766,0.7711,0.7731,0.7541,0.7584,0.7621,0.7573,0.7676,0.7663,0.767,0.7685
"154",0.7739,0.7656,0.7705,0.7742,0.7701,0.7707,0.7655,0.7676,0.7704,0.7696,0.7621,0.7672,0.7699,0.7723,0.775,0.7714,0.7693,0.7709,0.7765,0.7723,0.7726,0.7791,0.777,0.7673,0.768,0.7647,0.7728,0.7766,0.7748,0.7797,0.774
"155",0.7751,0.7793,0.7816,0.7819,0.785,0.7708,0.7703,0.7847,0.7861,0.7903,0.7746,0.7763,0.772,0.7772,0.777,0.7827,0.782,0.7782,0.7731,0.7812,0.7786,0.778,0.7822,0.7748,0.7739,0.7737,0.7826,0.7771,0.7786,0.7753,0.77
"156",0.7834,0.7767,0.787,0.7831,0.7903,0.7774,0.779,0.7854,0.7871,0.78,0.7778,0.7806,0.7779,0.7873,0.7811,0.7843,0.782,0.7804,0.7843,0.7798,0.7844,0.7751,0.7879,0.7775,0.7846,0.7838,0.7813,0.7842,0.7824,0.778,0.7763
"157",0.7865,0.7807,0.7936,0.781,0.7841,0.7884,0.7951,0.7894,0.7879,0.7971,0.7922,0.7822,0.7831,0.7891,0.7863,0.7854,0.797,0.7863,0.7866,0.7861,0.7886,0.7843,0.7974,0.7863,0.7866,0.7923,0.7913,0.7899,0.7905,0.7881,0.7826
"158",0.7869,0.7879,0.7859,0.792,0.7978,0.7873,0.792,0.7883,0.7928,0.7971,0.7914,0.7915,0.7901,0.8009,0.7931,0.7845,0.7941,0.7938,0.7976,0.7872,0.7944,0.7948,0.7924,0.7927,0.7944,0.7911,0.7939,0.7989,0.7975,0.7914,0.7827
"159",0.7916,0.798,0.8032,0.7984,0.8025,0.7987,0.794,0.7971,0.7973,0.7985,0.7944,0.8042,0.7849,0.7878,0.8007,0.7955,0.8013,0.7952,0.7981,0.7966,0.8104,0.8032,0.8069,0.7932,0.8012,0.8006,0.8044,0.802,0.797,0.8045,0.7916
"160",0.7954,0.8004,0.8053,0.8029,0.8149,0.8026,0.8065,0.8062,0.803,0.8016,0.7929,0.8059,0.8006,0.8024,0.8091,0.8007,0.8094,0.8061,0.8063,0.8011,0.8139,0.8111,0.8171,0.8045,0.8084,0.8062,0.8053,0.811,0.8066,0.8097,0.8083
"161",0.8046,0.8087,0.8164,0.8034,0.8111,0.8036,0.8042,0.8118,0.7998,0.81,0.8046,0.8093,0.8073,0.809,0.8119,0.8128,0.8102,0.8169,0.8076,0.8088,0.8121,0.8139,0.8097,0.802,0.8027,0.8084,0.811,0.819,0.815,0.8159,0.8141
"162",0.8133,0.8197,0.8179,0.8169,0.8207,0.8197,0.8143,0.8117,0.8121,0.8163,0.8106,0.814,0.8125,0.8191,0.8198,0.8144,0.8162,0.8146,0.8226,0.815,0.8169,0.8218,0.8226,0.8135,0.8163,0.8164,0.8191,0.8167,0.8178,0.8188,0.8196
"163",0.8206,0.82,0.8202,0.8126,0.8189,0.8204,0.8079,0.8123,0.816,0.8208,0.8168,0.8205,0.8228,0.8185,0.8197,0.8121,0.8213,0.8205,0.8217,0.8224,0.82,0.8326,0.8262,0.8177,0.823,0.8259,0.8212,0.8236,0.8248,0.8261,0.8297
"164",0.8262,0.8296,0.8284,0.825,0.8234,0.8243,0.8236,0.8276,0.8278,0.824,0.8239,0.8288,0.8236,0.8324,0.8328,0.8281,0.8305,0.8264,0.8255,0.8353,0.8349,0.8311,0.8282,0.8371,0.8277,0.8295,0.8314,0.8284,0.834,0.8345,0.825
"165",0.8267,0.8282,0.827,0.8266,0.8314,0.8292,0.8318,0.8381,0.8341,0.8317,0.8293,0.8276,0.8291,0.8271,0.8306,0.8319,0.8367,0.8359,0.8376,0.8345,0.8347,0.8358,0.83,0.8351,0.8275,0.8327,0.8317,0.8379,0.8429,0.8419,0.8382
"166",0.8363,0.8318,0.8325,0.8399,0.8419,0.8343,0.8295,0.84,0.8358,0.8394,0.8348,0.8324,0.8285,0.8361,0.8402,0.8343,0.8462,0.8452,0.8437,0.8389,0.8462,0.8381,0.8437,0.8391,0.842,0.8469,0.8387,0.8577,0.8485,0.8448,0.8416
"167",0.8424,0.8379,0.8457,0.8388,0.8439,0.8465,0.8484,0.8357,0.8357,0.844,0.837,0.8374,0.8372,0.8416,0.8402,0.8378,0.8493,0.8463,0.8468,0.8413,0.8483,0.8514,0.8571,0.843,0.8451,0.848,0.8471,0.8479,0.8466,0.8528,0.8504
"168",0.8453,0.8539,0.8479,0.847,0.8482,0.8519,0.8468,0.8451,0.8509,0.8436,0.8551,0.8405,0.8441,0.8426,0.8525,0.8438,0.8505,0.8566,0.8571,0.8498,0.8623,0.85,0.8541,0.8484,0.8462,0.8486,0.8487,0.8598,0.8605,0.8624,0.8579
"169",0.8529,0.855,0.8528,0.8504,0.8584,0.8496,0.8509,0.8544,0.8541,0.8505,0.8518,0.8531,0.8499,0.8512,0.8571,0.8453,0.8565,0.8544,0.8574,0.8595,0.8638,0.8553,0.8606,0.8599,0.8521,0.8551,0.8585,0.8595,0.8666,0.8638,0.8635
"170",0.8577,0.8638,0.8554,0.854,0.8636,0.8615,0.857,0.8636,0.8593,0.8603,0.8581,0.8581,0.8573,0.8643,0.8719,0.859,0.8684,0.8574,0.8662,0.8637,0.8668,0.8627,0.8648,0.8649,0.8604,0.8628,0.8638,0.8713,0.8676,0.8675,0.8665
"171",0.8663,0.8641,0.8603,0.8633,0.8622,0.8592,0.8615,0.8609,0.865,0.8651,0.8633,0.8649,0.862,0.862,0.8645,0.8693,0.8704,0.8639,0.8648,0.8654,0.8697,0.8637,0.8733,0.8682,0.8691,0.8735,0.8765,0.8761,0.8688,0.8779,0.8686
"172",0.8693,0.8718,0.8695,0.866,0.863,0.8738,0.874,0.868,0.8729,0.8698,0.8655,0.8675,0.8672,0.8762,0.8783,0.8686,0.8783,0.8775,0.8682,0.8719,0.8768,0.8804,0.8806,0.8728,0.8704,0.8762,0.8748,0.8756,0.8816,0.8842,0.8812
"173",0.8738,0.8727,0.8725,0.8764,0.877,0.8676,0.8682,0.8741,0.8718,0.8788,0.8745,0.872,0.8689,0.8766,0.8753,0.8779,0.8831,0.8754,0.8781,0.88,0.886,0.8802,0.884,0.8762,0.8744,0.8809,0.8879,0.8927,0.8887,0.8913,0.8882
"174",0.8773,0.8778,0.8769,0.8785,0.886,0.8749,0.8811,0.8788,0.876,0.8783,0.8751,0.8792,0.8766,0.8794,0.8836,0.8814,0.8871,0.8859,0.8745,0.8872,0.8908,0.8899,0.889,0.8877,0.8793,0.8914,0.8877,0.8923,0.8886,0.8914,0.8938
"175",0.8859,0.8864,0.8926,0.8872,0.8846,0.8862,0.8845,0.8848,0.8875,0.8829,0.8871,0.8831,0.8853,0.8838,0.8888,0.8833,0.8883,0.8879,0.8897,0.8924,0.8968,0.8908,0.8921,0.8914,0.8868,0.8884,0.8969,0.8944,0.9029,0.8996,0.8887
"176",0.8947,0.8927,0.8902,0.889,0.8927,0.8852,0.8912,0.8903,0.888,0.8961,0.8937,0.8896,0.8892,0.8955,0.8919,0.901,0.8988,0.8965,0.8961,0.8979,0.8952,0.8987,0.9035,0.8938,0.8991,0.8957,0.8984,0.9011,0.9116,0.9048,0.9023
"177",0.8937,0.8974,0.8944,0.8933,0.8985,0.8918,0.8943,0.8923,0.8936,0.8915,0.8925,0.8962,0.8919,0.9023,0.9028,0.899,0.9033,0.8958,0.9004,0.9047,0.9048,0.9066,0.907,0.9009,0.9057,0.9097,0.9068,0.9093,0.9087,0.9116,0.9033
"178",0.9026,0.9042,0.8968,0.9011,0.9011,0.9022,0.9005,0.9003,0.8974,0.8995,0.8988,0.9031,0.8939,0.8981,0.9078,0.8995,0.9085,0.9036,0.9062,0.9085,0.911,0.9075,0.9133,0.9096,0.9081,0.9123,0.9166,0.9125,0.9174,0.9142,0.915
"179",0.903,0.9079,0.9081,0.906,0.9032,0.9031,0.9108,0.8967,0.9065,0.9062,0.9085,0.9061,0.8978,0.9093,0.9115,0.9076,0.9107,0.9078,0.9129,0.9085,0.9126,0.9144,0.9206,0.9159,0.9148,0.9175,0.916,0.9232,0.9227,0.9249,0.9186
"180",0.9134,0.9128,0.9085,0.9105,0.9118,0.9088,0.911,0.9094,0.9095,0.9142,0.9057,0.9149,0.9057,0.9155,0.9144,0.9109,0.9141,0.9163,0.9172,0.9123,0.9225,0.9162,0.922,0.918,0.9226,0.923,0.9233,0.9268,0.9277,0.9279,0.9284
"181",0.9187,0.9194,0.9147,0.9183,0.9209,0.9181,0.9171,0.9126,0.9089,0.9203,0.9093,0.9134,0.9115,0.9208,0.9199,0.92,0.9203,0.92,0.9225,0.9254,0.9262,0.9275,0.9291,0.9215,0.9184,0.9294,0.9307,0.9323,0.9323,0.932,0.9311
"182",0.9246,0.9257,0.9242,0.9178,0.9249,0.9195,0.9155,0.9219,0.9215,0.9212,0.9189,0.9198,0.9193,0.9228,0.9195,0.9291,0.931,0.928,0.9299,0.9255,0.9289,0.9345,0.9324,0.9295,0.9323,0.9298,0.9321,0.9373,0.9407,0.9384,0.9371
"183",0.9318,0.9338,0.927,0.928,0.9284,0.9242,0.9239,0.9267,0.9252,0.9298,0.9246,0.9295,0.9221,0.9283,0.933,0.928,0.9334,0.9289,0.9329,0.935,0.9313,0.9363,0.9344,0.9393,0.9381,0.9397,0.9409,0.9428,0.9476,0.9473,0.9488
"184",0.9367,0.9371,0.9314,0.9335,0.937,0.9279,0.9315,0.9321,0.9333,0.932,0.9267,0.9291,0.9298,0.9309,0.9334,0.9351,0.9385,0.9407,0.9371,0.9373,0.9382,0.9403,0.9461,0.9415,0.9401,0.9407,0.946,0.9439,0.9481,0.9521,0.948
"185",0.9391,0.9402,0.9376,0.9379,0.9392,0.9359,0.9361,0.9344,0.9351,0.9339,0.9383,0.9358,0.9315,0.9385,0.9393,0.9428,0.9453,0.9433,0.9411,0.9411,0.9434,0.946,0.9483,0.9448,0.9478,0.9482,0.9515,0.9495,0.9556,0.9533,0.9538
"186",0.9434,0.9451,0.9448,0.9413,0.9422,0.9425,0.9426,0.9399,0.9448,0.9465,0.9408,0.9422,0.942,0.9412,0.9432,0.9484,0.9525,0.9465,0.9442,0.9501,0.9513,0.9519,0.9544,0.9558,0.9562,0.9565,0.9575,0.9563,0.959,0.9548,0.9599
"187",0.9494,0.9493,0.9431,0.949,0.9482,0.9421,0.9451,0.947,0.945,0.9444,0.9472,0.9472,0.9423,0.9503,0.9482,0.9479,0.955,0.9495,0.9511,0.9527,0.9561,0.9555,0.9568,0.9574,0.9562,0.9584,0.9586,0.965,0.964,0.9613,0.9627
"188",0.9513,0.9518,0.9497,0.9492,0.9533,0.9497,0.9558,0.9487,0.9484,0.9508,0.9469,0.9534,0.9539,0.9508,0.9569,0.9586,0.9574,0.9588,0.9567,0.9599,0.9606,0.9601,0.9616,0.9608,0.9594,0.9622,0.9654,0.9686,0.9702,0.9661,0.9688
"189",0.9595,0.9555,0.9566,0.9579,0.9553,0.9573,0.9572,0.9549,0.956,0.9572,0.9536,0.9559,0.9536,0.9585,0.9622,0.9615,0.9621,0.9594,0.9607,0.9608,0.9675,0.9615,0.9686,0.9651,0.9663,0.9678,0.9688,0.9709,0.9718,0.9716,0.974
"190",0.959,0.9631,0.9603,0.9603,0.9649,0.9621,0.9632,0.9604,0.9584,0.9603,0.9621,0.9619,0.9599,0.962,0.963,0.9629,0.9656,0.9638,0.9688,0.9696,0.9723,0.9708,0.9714,0.968,0.9691,0.9705,0.9763,0.9751,0.9734,0.9763,0.9767
"191",0.9644,0.9651,0.9644,0.9649,0.9686,0.9617,0.9655,0.9669,0.9651,0.9639,0.9648,0.9692,0.9686,0.9648,0.9679,0.9696,0.9703,0.9695,0.9712,0.9721,0.9733,0.9745,0.9762,0.9741,0.9761,0.9772,0.977,0.9786,0.978,0.9802,0.981
"192",0.9709,0.9752,0.9721,0.9714,0.9744,0.9696,0.9711,0.9696,0.9672,0.9689,0.9689,0.9703,0.9691,0.9728,0.9735,0.9723,0.9776,0.9753,0.9772,0.9743,0.978,0.9787,0.9792,0.9797,0.9777,0.9811,0.9842,0.9823,0.9834,0.9846,0.9869
"193",0.9748,0.9769,0.9739,0.9736,0.9775,0.9753,0.9744,0.9752,0.974,0.9723,0.9717,0.9779,0.9739,0.9761,0.9791,0.9797,0.9787,0.9775,0.9796,0.9794,0.9811,0.9827,0.983,0.9823,0.9814,0.9833,0.9866,0.9846,0.9853,0.9874,0.9886
"194",0.9792,0.9818,0.9786,0.9817,0.9814,0.9803,0.9797,0.9773,0.9771,0.9787,0.9775,0.981,0.9773,0.9813,0.9803,0.9808,0.982,0.9838,0.9834,0.9841,0.9833,0.9865,0.9863,0.9867,0.9852,0.9885,0.9893,0.9892,0.9896,0.9897,0.9905
"195",0.9848,0.9835,0.9846,0.9841,0.983,0.9815,0.9821,0.9853,0.981,0.9813,0.9845,0.9801,0.9839,0.9817,0.9862,0.9858,0.9883,0.9872,0.9872,0.9883,0.9878,0.9891,0.9916,0.9887,0.9885,0.991,0.9931,0.9918,0.9917,0.9927,0.9935
"196",0.9875,0.9892,0.9874,0.9853,0.985,0.9877,0.9876,0.9855,0.986,0.9866,0.9866,0.9862,0.9847,0.9879,0.9869,0.9877,0.9891,0.9889,0.9889,0.9904,0.9908,0.9912,0.9923,0.9921,0.9931,0.9918,0.9939,0.9962,0.9966,0.9954,0.9946
"197",0.9919,0.9899,0.9912,0.9916,0.992,0.9916,0.9872,0.9895,0.9892,0.9893,0.9897,0.9896,0.9895,0.9907,0.9925,0.9902,0.9929,0.994,0.9939,0.9933,0.9933,0.9946,0.9951,0.9955,0.9966,0.9957,0.9962,0.9975,0.9971,0.9971,0.9977
"198",0.9945,0.9948,0.9943,0.9946,0.9943,0.9943,0.9942,0.9948,0.9927,0.9939,0.993,0.9949,0.993,0.9938,0.9949,0.9944,0.9955,0.9959,0.9958,0.996,0.9968,0.9968,0.9974,0.9974,0.9985,0.9972,0.9985,0.9977,0.9988,0.9987,0.9994
"199",0.9977,0.9969,0.9967,0.997,0.9973,0.9959,0.9955,0.9968,0.9965,0.9971,0.996,0.9971,0.9971,0.9967,0.9978,0.9978,0.9977,0.9983,0.9988,0.9981,0.9985,0.9994,0.9994,0.999,0.999,0.9996,0.9995,0.9994,0.9995,0.9998,0.9995
"200",0.9996,0.9998,0.9993,0.9993,0.9996,0.9991,0.9992,0.9992,0.9989,0.999,0.9996,0.9993,0.9994,0.9996,0.9994,0.9995,0.9998,0.9997,0.9995,0.9999,0.9998,0.9996,1,0.9997,1,1,1,1,1,1,0.9999
