mass_1,mass_2,mass_3,mass_4,mass_5,mass_6,mass_7,mass_8,mass_9,mass_10,mass_11,mass_12,mass_13,mass_14,mass_15,mass_16,mass_17,mass_18,mass_19,mass_20,mass_21,mass_22,mass_23,mass_24,mass_25,mass_26,mass_27,mass_28,mass_29,mass_30,mass_31
1501.7139391020776,1458.977816409716,1413.3559061682854,1382.5046334039896,1351.3282972234622,1315.6504906779787,1280.7869852054719,1245.71498377011,1215.9427910555626,1194.0408275851407,1157.7538025859635,1137.2126673027783,1115.8146609881933,1096.1742252937693,1070.6498017460992,1047.7596917493215,1025.6192042876476,1001.6629634821779,985.7403154814319,963.3855256568168,948.1451954589801,931.0430087648938,906.8372228999202,890.3915284438391,878.8187627492259,862.3437372677847,844.7767203022074,827.3016427223138,810.4033102005383,800.4000130265176,788.9631930308367
1590.0830218245612,1543.8224679522614,1494.4051538418012,1460.6718840434928,1426.105824773306,1387.403697703481,1350.0225577130932,1312.4255540044412,1280.5189809451317,1256.0883755863467,1217.9167172290713,1195.2955019137535,1171.8705556069717,1150.0537829546324,1122.8465905865403,1098.0504504114767,1074.4861765190535,1048.6956457976466,1030.986596758632,1007.2030318761715,990.2677885934785,971.8610777272528,946.1175587232372,928.2867396007193,915.5274465047019,897.7198921950588,878.8506061641957,860.3188599353193,841.8618221494205,830.7985935257425,818.3925012225668
1642.7498761010197,1594.3980212191905,1542.7273472736006,1507.2703888184128,1470.6601849598023,1430.1601747450504,1391.299473988834,1352.2192963087184,1319.0597593748082,1293.0990349228043,1253.855905485993,1229.9843530977919,1205.3459064324725,1182.2145949464716,1154.0271383614572,1128.0997023786426,1103.708679625548,1076.8368393884903,1058.0473488237153,1033.4354299396905,1015.4753884316394,996.3001499471329,969.6667650332481,951.013864765952,937.5403794312673,918.9446531250412,899.3112917392768,880.1736196820104,860.7855108885544,849.0827145032713,836.1017163863532
1683.2137250930598,1633.2595529432842,1579.8617834385293,1543.0776093072045,1504.8854111231653,1463.0062857959624,1423.018886158928,1382.8096166546256,1348.696619167121,1321.5492043030144,1281.5077791905228,1256.6704717097177,1231.0970615220376,1206.9473806338879,1178.0176986487493,1151.2233463713085,1126.2076615962233,1098.510810236871,1078.8836050909968,1053.646473123059,1034.8920023634905,1015.130641575146,987.8264718518451,968.5436472232002,954.5180460192619,935.3196932707199,915.1051705025786,895.5135883366145,875.4091458087191,863.2111585750374,849.7898325720864
1717.2377451609943,1665.9391342728286,1611.0918325333525,1573.189782881407,1533.6599212737242,1490.6225901429104,1449.6943188453183,1408.5424180538075,1373.6336689807918,1345.481218850944,1304.7847278680704,1279.1320366681907,1252.7707522670992,1227.7593121519858,1198.212618993832,1170.6907882250143,1145.1567057287334,1116.769894120538,1096.433342974085,1070.6778031590297,1051.2507286461785,1030.999354446296,1003.1395707315106,983.3281756920783,968.8361109832971,949.132955355818,928.4336099561817,908.4679689661612,887.7605601791224,875.1437042647822,861.3530359450577
1747.2270339474794,1694.7455256345834,1638.6225680036605,1599.733817557745,1559.019442426326,1514.9622977555362,1473.20951994673,1431.231749849341,1395.6260069301507,1366.5823959654285,1325.3204417501147,1298.9466056987799,1271.8896168776666,1246.1145834696763,1216.0292721342903,1187.8673137769501,1161.881360890017,1132.8891774158074,1111.9237426563323,1085.7166634249472,1065.6933443746407,1045.0121546631963,1016.6688671608217,996.392399945553,981.4875498988972,961.3408739526917,940.2170505192641,919.9273535691812,898.6880164820498,885.7001237147467,871.584589784944
1774.4373882398143,1720.884264865855,1663.605428506772,1623.8203108053249,1582.026852439365,1537.0452222049412,1494.5481306741844,1451.8249607925934,1415.5902887611105,1385.7338942934769,1343.968316018797,1316.9382162440745,1289.2489920449145,1262.7779350938238,1232.2080550822411,1203.4661447179342,1177.0741999836061,1147.5349386058958,1125.9959970200007,1099.3834994328831,1078.8164886360996,1057.7469712608363,1028.9699266157154,1008.2721347040513,992.9914505424647,972.4434840454894,950.9367870074248,930.357558082042,908.6352186857266,895.309209475317,880.8994571780336
1799.6154409374378,1745.0721247733052,1686.7250422389184,1646.1095947249748,1603.314056415961,1557.4776753506353,1514.2950050436566,1470.8853773766637,1434.0716365283947,1403.4596778606574,1361.2359271975392,1333.596965721586,1305.3218985744406,1278.204156645082,1247.189336178303,1217.9115030498833,1191.1472183411274,1161.1035669310077,1139.031544507553,1112.0474673158626,1090.9751299000422,1069.5476690939327,1040.3733783412574,1019.286274145205,1003.6567460021363,982.7384044448638,960.8793235450714,940.0359375019132,917.8663701525811,904.2262814238059,889.5447417976877
1823.244998946322,1767.7735759248505,1708.4250623276873,1667.0295706931265,1623.2905028860569,1576.6525279178188,1532.829137915622,1488.7780744860845,1451.4233548976426,1420.099309844294,1377.4522899709164,1349.2405281613096,1320.41493767044,1292.6880120408773,1261.2585653432427,1231.4783824523188,1204.3675165455038,1173.852066597182,1151.277680031974,1123.9479346519495,1102.3994224770204,1080.6372196198329,1051.0936533218037,1029.6416497301993,1013.6838035633358,992.4186790413147,970.2305181420977,949.1424534836029,926.5529075841738,912.6170092560365,897.6807930583138
1845.65952236426,1789.3087593271666,1729.0112893429648,1686.8751770371605,1642.238390090204,1594.8405561581103,1550.4117606134153,1505.7547088207912,1467.889005307451,1435.8868596029756,1392.8442500297435,1364.0879231769402,1334.7394921420046,1306.432709534337,1274.6125517149521,1244.3563894119338,1216.9192805702196,1185.957675512192,1162.9049351722556,1135.24999016201,1113.2480916489947,1091.1694055091398,1061.2786718957816,1039.480947011119,1023.2108470211085,1001.617489489136,979.1186106003489,957.8013034814202,934.8131507925168,920.5957307900667,905.418284350902
1867.0998372520485,1809.9088880056797,1748.7045852880258,1705.8594270272788,1660.3615146433779,1612.2373106908424,1567.2315441285748,1521.997050828017,1483.6445243694416,1450.991393323316,1407.575690747407,1378.297375097879,1348.448267382113,1319.5850392963557,1287.393478957295,1256.682508908118,1228.9355951257248,1197.5484683749635,1174.0365308454984,1146.0729393069523,1123.635837461707,1101.2553631953997,1071.03535443477,1048.9073080965964,1032.3377915128613,1010.4311135074789,987.6363177183512,966.1023009303858,942.7326670118703,928.2451322061027,912.837257302468
1887.7463871468383,1829.7472074862671,1767.6704444409813,1724.1419310113026,1677.812568844427,1628.989307694043,1583.4298607035453,1537.641313567449,1498.821763898031,1465.5396031028185,1421.769447679762,1391.9874738211943,1361.6557152884177,1332.255012088067,1299.7079180569278,1268.5594191483742,1240.5162274288834,1208.720464785854,1184.764841644554,1156.506235082321,1133.6486545655175,1110.9784219282064,1080.4438852365627,1057.9980881959605,1041.1395706938556,1018.9317625528682,995.8531893013405,974.1128329824908,950.3756608129634,935.6272552455147,919.9977737150504
1907.7384761613685,1848.9574688708083,1786.0366375537783,1741.8459147116384,1694.709427446009,1645.2096558397868,1599.1158567444422,1552.7926697681842,1513.5225378797475,1479.6293096988666,1435.5203865124931,1405.2498027694282,1374.4502223608833,1344.5275783080301,1311.6381736183932,1280.0664214998314,1251.7382409822985,1219.5478402432705,1195.1612222515105,1166.618986779089,1143.3529760089605,1120.402960966519,1089.5662273312216,1066.8130678110501,1049.6740925337012,1027.1752457245407,1003.8229850304672,981.8850004358168,957.791775170374,942.7900696961697,926.946276159304
1927.186363305852,1867.645539357898,1803.9043015727195,1759.0689154601935,1711.145383707925,1660.987877719873,1614.3759264059229,1567.5343764332504,1527.8274519570698,1493.3379495699078,1448.9036240068028,1418.156876833758,1386.9017710976295,1356.4699942876155,1323.2494162742805,1291.2663112943005,1262.6626680510967,1230.0893456739145,1205.2821849865334,1176.4659382826208,1152.801421904528,1129.5799782678341,1098.4514764303171,1075.3996165489036,1057.987241864074,1035.2057889582545,1011.5883134557344,989.4601082084084,965.0203689232425,949.7716070556617,933.7195885077178
1946.1791927703484,1885.8970153931884,1821.3552113903859,1775.8897958763864,1727.1958610787756,1676.3963497035204,1629.2799235907344,1581.933758241607,1541.8016935208946,1506.7281401831174,1461.9799193738702,1430.7673480706835,1399.0669643009862,1368.1366529143888,1334.5943601881513,1302.2098838450358,1273.3388858642834,1240.3925179008506,1215.1734514424907,1186.0913893009515,1162.0365699322329,1138.5507430738808,1107.1393729837919,1083.7960805406437,1066.1161619820878,1043.0591964656014,1019.1836754012069,996.8716116040691,972.0933233446577,956.6026727304882,940.3475408675205
1964.790380427279,1903.7823938292,1838.4567191762999,1792.373507864007,1742.9229719022644,1691.4946760436603,1643.8853814316642,1596.0462719086868,1555.498964900348,1519.8514603644226,1474.7993368392395,1443.1295420751296,1410.9924382066768,1379.5723650858533,1345.7164406592947,1312.9389956045507,1283.8075897469507,1250.496540285525,1224.8727051343653,1195.5318595960925,1171.0935170937548,1147.34927763208,1115.662688630501,1092.0340842569608,1074.091484544488,1050.7649990493192,1026.6375321891023,1004.1471187168315,979.0369496450219,963.3086893867129,946.8547536754963
1983.0813833776763,1921.3606908156044,1855.2652110711463,1808.5744265757642,1758.3787076031797,1706.3327498990898,1658.240465204797,1609.918350646526,1568.9642361184099,1532.751095985407,1487.4038091468915,1455.283933123815,1422.7172513535395,1390.814656348182,1356.6520381937744,1323.488706766645,1294.1028742239282,1260.4342451654963,1234.4115182877654,1204.8179540058045,1180.0016729501092,1156.0040944674893,1124.048896923706,1100.1401420209652,1081.9388907157936,1058.34795818961,1033.973753733871,1011.309792575546,985.8733246934976,969.9109877394294,953.2618870322875
2001.1044064856135,1938.682040194539,1871.828589155225,1824.5387442408887,1773.607229199268,1720.9529511225314,1672.3860925677275,1623.589446607662,1582.2357215580719,1545.4637396742576,1499.828978441976,1467.2649215781826,1434.274600023049,1401.8954160534445,1367.4320756364168,1333.8888199198113,1304.2537275928767,1270.2335519866288,1243.8167356003705,1213.9757019368303,1188.7860475231282,1164.5394441319322,1132.3213733920938,1108.1368155664811,1089.680232540342,1065.8291464666336,1041.2126588041651,1018.3793584969703,992.6212506720663,976.4277339183843,959.5865383128977
2018.904389585298,1955.7896013337245,1888.1880938210459,1840.306227806311,1788.6465490216763,1735.3917599130352,1686.3574903285887,1637.093530593457,1595.346331425928,1558.0209857152604,1512.1055481154353,1479.1021390920714,1445.6930779372399,1412.8421083446524,1378.0831910181862,1344.1650099706808,1314.2851295413352,1279.9185235118111,1253.11149048793,1223.0275411703926,1197.4681971816192,1172.9762316333986,1140.5002770271885,1116.0435643282467,1097.334356644686,1073.2267412130336,1048.371779221306,1025.3728441866701,999.2969601491208,982.8746108133209,965.8439016728042
2036.520495576111,1972.7209878032356,1904.3796684727738,1855.911535149706,1803.5297900240098,1749.6809651630178,1700.1853602419283,1650.460215167776,1608.3247587799187,1570.4503746690966,1524.2602952958368,1490.8214261568778,1456.9976197125584,1423.6786790935635,1388.628615984439,1354.3396704394675,1324.2188732977434,1289.5101569900974,1262.3159662932371,1231.9930548295795,1206.0669331811255,1181.3327029372967,1148.6032106777548,1123.877382482483,1104.9177213526982,1080.5566191401035,1055.4664324562864,1032.3051343446273,1005.9146444509931,989.265328659447,972.0472622859298
2053.987244529612,1989.5093562156299,1920.434999623938,1871.385218213555,1818.2861455047068,1763.8485853498835,1713.8967675097574,1663.7156106692184,1621.196308075179,1582.776189556321,1536.3168426433958,1502.4455772421757,1468.210220008639,1434.4262471873167,1399.0888453961243,1364.432558580906,1334.0741923924154,1299.0269873283082,1271.447976594822,1240.8895332569505,1214.5988618486354,1189.6249683722244,1156.6457246099012,1131.6532847153503,1112.444867255113,1087.832809779789,1062.5101583064618,1039.1893936770252,1012.4868566766154,995.6120144819257,978.2083733361519
2071.3353918432267,2006.1842493440101,1936.3823222877938,1886.7544997641628,1832.9416222126688,1777.9195815819662,1727.5158287813367,1676.8829880900737,1633.9835368069998,1595.0200724035979,1548.296256097006,1513.9949178869874,1479.3504904846823,1445.1036398818023,1409.4821559295328,1374.461295036468,1343.8682461300723,1308.4855543182298,1280.5234147045635,1249.7324092800777,1223.078803026277,1197.8674080968385,1164.641706652953,1139.3846825986784,1119.9287818045773,1095.0678468282931,1069.5150572788457,1046.0373947408889,1019.0248240549957,1001.9255139322534,984.3377482165022
2088.59261813743,2022.7722585083513,1952.2470527370256,1902.0438836487558,1847.5196241294348,1791.9164177720263,1741.0642526814315,1689.9832999020364,1646.7067596822515,1607.2015086633612,1560.217514604182,1525.4877581857293,1490.4360974585834,1455.7278134621743,1419.8250136096685,1384.44175648942,1353.6165011390135,1317.9007698705943,1289.5566069483054,1258.535600347684,1231.5201189688828,1206.0729908167823,1172.6036889224492,1147.083680500607,1127.3811859600312,1102.273044389775,1076.4920566718217,1052.8597757859636,1025.5386936172063,1008.2156286820234,990.4448903567902
2105.7840785735816,2039.2975510015353,1968.0522923525668,1917.2756407183242,1862.0414172776202,1805.859506654257,1754.5617702151255,1703.0355948045312,1659.3844501347594,1619.3382129687386,1572.0978842550778,1536.9407539726733,1501.4831104816087,1466.3141882571797,1430.1323984055416,1394.388388420476,1363.3330353163092,1327.286210580011,1298.5605940972082,1267.3117811223367,1239.934976373794,1214.253527721975,1180.543092248257,1154.7613114101284,1134.8127626225546,1109.4587171404019,1083.4511226670593,1059.6662463238713,1032.0377280728544,1014.4913056959414,996.5384764771463
2122.9328457722486,2055.7822953690193,1983.8192339048803,1932.4702006466298,1876.5265044819942,1819.7675694000438,1768.0264818245091,1716.0573521878996,1672.03356414567,1631.4464402136023,1583.9532200660187,1548.369198148996,1512.5062834903324,1476.8769188324904,1440.4180660548905,1404.3144573929162,1373.0307830406036,1336.654353779279,1307.5473584221052,1276.0726034422305,1248.334557804347,1222.4198773983678,1188.4704234589121,1162.4277272897893,1142.2333410201632,1116.6343580529565,1090.4014315642971,1066.465753140938,1038.5304640051108,1020.7607900906363,1002.6265045981604
2140.0602712353398,2072.247008450472,1999.5674931048388,1947.6464716714813,1890.9929311585759,1833.657929054746,1781.4751406060134,1729.06475510447,1684.669804556658,1643.5412394374653,1595.798212351165,1559.787258506929,1523.5192843201887,1487.4291145374198,1450.694761814108,1414.2322570249073,1382.7217354047466,1346.0167703160807,1316.5280091035115,1284.8288759775037,1256.7292343577005,1230.5821131954358,1196.3954365647758,1170.0923546080785,1149.652047360093,1123.808783623755,1097.3515097313064,1073.2666160243177,1045.0248412150377,1027.0317501128766,1008.7164150674816
2157.186283687486,2088.710841863275,2015.3153823121002,1962.8221045463135,1905.4575377162555,1847.5467527491696,1794.9233861149305,1742.0729156453544,1697.307839326736,1655.6366634417298,1607.646590209885,1571.2081741463553,1534.5348842542382,1497.9830216272192,1460.974397002195,1424.1532781200424,1392.4171056399107,1355.3842838399241,1325.5129354148216,1293.5907126980105,1265.1287083425318,1238.7496615419439,1204.32726600877,1177.7640229311805,1157.0774293818622,1130.9902539567188,1104.3093493509314,1080.0766400600335,1051.528309749237,1033.3113805513178,1014.8151907146133
2174.3296381431865,2105.1918211830966,2031.0801390626277,1978.013712913873,1919.9361702547938,1861.449253896791,1808.3859395733605,1755.0960631430728,1709.9614838179466,1667.7459438292249,1619.5112915235495,1582.6444195533938,1545.565116360408,1508.5501753754293,1471.2681964886133,1434.0883508078862,1402.127467358926,1364.767103939678,1334.511934741076,1302.3676569899844,1273.5421325403013,1246.9314175792201,1212.2745381116897,1185.4510724844054,1164.5175605365475,1138.186573221386,1111.2825052776043,1086.9032096484189,1058.0479195129133,1039.606489318861,1020.9294407193341
2191.508126184489,2121.707047887814,2046.8781190309667,1993.2370593759097,1934.4438584317988,1875.3798628903257,1821.8767686957076,1768.147703113831,1722.643854769824,1679.8816388276823,1631.4046065969662,1594.1078432297436,1556.6214092656878,1519.1415285671933,1481.5868233155088,1444.0477646586314,1411.8628714132392,1374.174938707969,1343.5343207981955,1311.168786616141,1281.9782110440633,1255.135842950797,1220.245465367512,1193.1614451742357,1171.9801281427167,1145.405174676962,1118.2781770404822,1093.7533681478244,1064.5903961943482,1045.9235708061547,1027.0654716791446
2208.738755509357,2138.272871803385,2062.724960819643,2008.507214388412,1948.9949673192843,1889.3523728423447,1835.4092284465896,1781.240753023755,1735.3675018520403,1692.055759556204,1643.3383009310294,1605.6097861697708,1567.7147014794275,1529.7675612873575,1491.940485214388,1454.04137135808,1421.6329458195814,1383.6170910211358,1352.589016178624,1320.0028035145488,1290.4452855157301,1263.371049470254,1228.247927169984,1200.9027625259187,1179.4725088657751,1152.653193487581,1125.303279099442,1100.6338861561912,1071.162206368243,1052.2688687771029,1033.2293485581904
2226.0379050199604,2154.9050400709275,2078.635728325744,2023.8386935279568,1963.6033285546894,1903.3800654603122,1848.9961826430774,1794.3876596120658,1748.1445213769946,1704.2798791368616,1655.3237213954997,1617.161184306581,1578.8555402431539,1540.4383758262147,1502.339026720928,1464.0786735114505,1431.4469822240603,1393.1025418724175,1361.6846324341495,1328.8781115459515,1298.9514098510817,1271.64487156408,1236.2895397584994,1208.6823932263678,1187.001834126267,1159.9375298398304,1132.3645017727604,1107.5513207746308,1077.7696140114813,1058.6484309646564,1039.4269476071877
2243.421460383672,2171.618827371316,2094.6250352093257,2039.245577492779,1978.2823549601849,1917.4758210611496,1862.650110266382,1807.6005014958757,1760.9866557783323,1716.5652281157156,1667.3718891622925,1628.7726581710813,1590.0541680376127,1551.1637797116891,1512.7920098033596,1474.1689023851577,1441.3140116339127,1402.640023386541,1370.829540223958,1337.8028846384173,1307.5044156064037,1279.9649297708734,1244.3777175794667,1216.5075123913648,1194.5750474896865,1167.2649043409056,1139.468364742479,1114.512067700724,1084.4187301919687,1065.0681570681604,1045.6640029016453
2260.9049339929607,2188.429151177189,2110.707155065267,2054.7416183119294,1993.0451419521155,1931.652215912985,1876.3831995595383,1820.8910800218298,1773.9053817265292,1728.9227789511383,1679.4935820754233,1640.4545923473424,1601.3205992400895,1561.95335926364,1523.3087853262116,1484.3210868238762,1451.2428715918122,1412.23808360959,1380.0319315418128,1346.7851272806784,1316.1119700622312,1288.3386871147627,1252.5197278138182,1224.3851542463426,1202.198955674084,1174.6419072747278,1146.6212646574709,1121.522407625654,1091.1155573353617,1071.5338415096562,1051.9461478128337
2278.503572486245,2205.3506750688357,2126.8961201996312,2070.3403345601264,2007.9045584157484,1945.9216094712644,1890.207432389215,1834.2710007534001,1786.911989194934,1741.3633217912284,1691.6994086145482,1652.2172068062505,1612.664688941185,1572.8165456007046,1533.8985572207732,1494.5441151462712,1461.2422665463341,1421.9051447627446,1389.2998756461914,1355.8327289380968,1324.7816284367088,1296.7734998193605,1260.7227394834172,1232.322259584118,1209.8802744960149,1182.0750429892457,1153.8295180615205,1128.588548126072,1097.8660292047152,1078.0512120458006,1058.2789524736918
2296.2324544082057,2222.397902590106,2143.205811376467,2086.055097859822,2022.873329226464,1960.2962236023825,1904.1346608926128,1847.7517475424777,1800.0176533638091,1753.8975333526337,1703.9998752126623,1664.0706218166235,1624.0961955607518,1583.7626746748062,1544.5704408897154,1504.8467914915213,1471.3208228505066,1431.6495563390909,1398.6413700194573,1364.9535136771487,1333.5208814840805,1305.27666356028,1268.9938682912991,1240.3257191143753,1217.6256708345306,1189.570770456161,1161.0994006505116,1135.7166620256478,1104.6760475224296,1084.6259651333412,1064.6679581095434
2314.106580140147,2239.5852636906816,2159.6500404905155,2101.899212555958,2037.9641112194768,1974.7882155243342,1918.1766780797368,1861.344750796216,1813.233500923235,1766.5360403990096,1716.405448384528,1676.024917839458,1635.6248386193743,1594.8010426359408,1555.3335171095891,1515.2378878347604,1481.4871395739356,1441.479644185649,1408.0643874539478,1374.1552860636584,1342.3371995015277,1313.855456248711,1277.3402181532651,1248.4024136292905,1225.4418015084789,1197.1355408667291,1168.4371836919763,1142.9129230360936,1111.551516006583,1091.2637987940404,1071.1187089564282
2332.1409558867445,2256.927195470522,2176.2426278055873,2117.885990144505,2053.1895641186493,1989.4097459141858,1932.3452837916757,1875.0614512905222,1826.5706720847902,1779.289479075976,1728.9266128889963,1688.0901915854872,1647.2603528041318,1605.9409576205203,1566.1968824923995,1525.726192694494,1491.749836124665,1451.4037565308033,1417.57692018767,1383.4458742306529,1351.2380736046994,1322.517178180814,1285.7689202269607,1256.5592517638001,1233.3353498209733,1204.775832991137,1175.8491683093753,1150.183539361023,1118.4983724733574,1097.970443608612,1077.636782377334
2350.3506732410806,2274.438218688582,2192.9974751562277,2134.028819802102,2068.562417711085,2004.1730434174108,1946.652347208576,1888.9133606825026,1840.0403794193428,1792.1685511741039,1741.5739269693768,1700.2766092433515,1659.012539300526,1617.1917888959401,1577.169697412174,1536.320557405587,1502.1175975320407,1461.4303077780162,1427.1870218781155,1392.833170882141,1360.23105500753,1331.269190267015,1294.28717012886,1264.8032060174514,1241.3130604168343,1212.4981869249923,1183.3417182335475,1157.534785849557,1125.5226195654736,1104.7516923804974,1084.2278177008368
2368.750985647912,2292.133011304096,2209.9286363251535,2150.3412361856563,2084.0955363831335,2019.0904666300269,1961.1098669428886,1902.912119722078,1853.653964491457,1805.1840782501454,1754.358075579658,1712.594457753913,1670.8913152351827,1628.5630141715412,1588.2612321841125,1547.0299407174411,1512.5992181314614,1471.5678207807064,1436.9028481005923,1402.3251729005924,1369.3237929471243,1340.1189509635597,1302.902263941728,1273.1413476201947,1249.3817730167964,1220.3092367675877,1190.9212915480875,1164.9730352137306,1132.6303545972357,1111.6134289432866,1090.8975442418864
2387.3573829328907,2310.0264801726944,2227.0503856697096,2166.8369855362353,2099.801982004445,2034.1745645007704,1975.7300296344356,1917.0695550486507,1867.422953150467,1818.3470544302177,1767.289922401975,1725.0541949072697,1682.9067619784373,1640.0642657940996,1599.4809121950934,1557.8634523915941,1523.2036443092388,1481.824968233875,1446.732695980983,1411.9300201522308,1378.52407182348,1349.0740524600742,1311.6216335496765,1281.5808807614244,1257.5484555311677,1228.2157427178936,1198.5944718991454,1172.5047887697365,1139.8277989553965,1118.5616565359287,1097.6518089165577
2406.1856649533265,2328.1338319121787,2244.3772859679643,2183.530091022678,2115.695076051634,2049.438136009382,1990.5252678762226,1931.3977353746575,1881.3591102572746,1831.6686986405427,1780.380561385805,1737.6664989665776,1695.0691729858988,1651.705376478413,1610.8383626193004,1568.8303964103936,1533.940016905491,1492.2106137602836,1456.685043517044,1421.6560340307124,1387.8398480721926,1358.142256627068,1320.4528817904961,1290.1291766559993,1265.8202370114593,1236.2246230318685,1206.3679995996781,1180.1367071243617,1147.1213274583765,1125.602526134348,1104.4966038283478
2425.252015347334,2346.4706438772146,2261.9242563832017,2200.434918190811,2131.7884617962136,2064.894289912966,2005.508318238419,1945.9090277989608,1895.4744945693305,1845.1605069564996,1793.6413684873137,1750.4423184723278,1707.389101809356,1663.4964251764607,1622.343453307547,1579.9403143650784,1544.8177138312878,1502.7338532291778,1466.76858910385,1431.5117562429818,1397.2792872526884,1367.3315311930905,1329.4038178827013,1298.793807890038,1274.2044408684071,1244.3429862559287,1214.248803030856,1187.8756412021664,1154.517498051882,1132.742365104411,1111.4380941808759
2444.5730763074444,2365.052936133825,2279.7066413994303,2217.566241339607,2148.0961673383504,2080.5565053110417,2020.6922801185056,1960.61615495559,1909.7815144704537,1858.834305725928,1807.0840542545466,1763.3929228490522,1719.8774108767125,1675.4477836587685,1634.0063444105417,1591.2030295643938,1555.8463934304389,1513.4040568210514,1476.9922917551262,1441.5059883185972,1406.8508018127181,1376.650086600349,1338.4824935653255,1307.582583470754,1282.7086187668897,1252.5781641343854,1222.2440307273482,1195.7286639941747,1162.023082205059,1139.9877065276987,1118.4826468589663
2464.1660252787924,2383.89724529972,2297.740281557063,2234.939311622859,2164.632670245567,2096.4386937586205,2036.0906761255499,1975.5322536845163,1924.2929852143823,1872.7023061050265,1820.7207178885465,1776.5299544210384,1732.545321625784,1687.5701643669652,1645.8375332827213,1602.6286923919845,1567.0360391043935,1524.2309123408654,1487.3654125012636,1451.6478323139286,1416.5630899800053,1386.1064139784507,1347.6972403805348,1316.5035849971562,1291.3405856008799,1260.937745581892,1230.3610845272021,1203.7031034038482,1169.6450963667507,1147.3453195470252,1125.63686001601
2484.048654478166,2403.020701113155,2316.0415868150103,2252.569927671939,2181.412964552116,2112.5552636533257,2051.717514703923,1990.670935909252,1939.0221883497836,1886.7771606434278,1834.5639034102285,1789.8654824432708,1745.4044665762665,1699.8746700955892,1657.8479032131193,1614.2278274408536,1578.3970057194692,1535.2244702833511,1497.8975574456367,1461.9467331841784,1426.4251762331814,1395.7093246774452,1357.056708531568,1325.5652043710616,1300.1084559540898,1269.429612114699,1238.6076541702155,1211.8065765701813,1177.3908348455052,1154.8222410825736,1132.9075940095345
2504.2394541473,2422.4411066097255,2334.6276133816045,2270.474509550717,2198.452630888668,2128.921187636206,2067.587355715641,2006.0463524201853,1953.9829340086737,1901.0720225680957,1848.6266585772617,1803.412059767408,1758.4669439372715,1712.3728460732632,1670.048774542208,1626.0113829654406,1589.9400683284045,1546.395191166854,1508.5987229727386,1472.412523308701,1436.4464538157688,1405.4679918130882,1366.5699077609133,1334.776183480108,1309.0206824636916,1278.06197514624,1246.9917537406727,1220.0470260604136,1185.267904489286,1162.425809281291,1140.3020040386616
2524.7577004911527,2442.177022822677,2353.5161448917934,2288.6701768871735,2215.767910543258,2145.552073775979,2083.71537973026,2021.6732602919933,1969.1896267695931,1915.6006084429978,1862.9225972238025,1817.1827827899372,1771.7453753740324,1725.0767350380092,1682.4519587485065,1637.9907832160895,1601.6764737626731,1557.7539956763396,1519.4793436244913,1483.0554696781828,1446.6367297788013,1415.3919942988605,1376.2462507157406,1344.1456563061906,1318.0860965254556,1286.8434155732177,1255.5217603709407,1228.432758346175,1193.2842615614368,1170.1636990820143,1147.827574856689
2545.6235493099875,2462.2478589785096,2372.7257788619963,2307.174832078137,2233.3757843029275,2162.464241353217,2100.117461817351,2037.5670947089557,1984.6573358516705,1930.3772649237594,1877.465965739157,1831.191355371012,1785.2529675972312,1737.998935939032,1695.0698161262019,1650.177984257148,1613.617995688604,1569.312318192146,1530.5503431950585,1493.8863242864784,1457.006273070056,1425.4913638712835,1386.0955992998847,1353.68319394424,1327.3139518090284,1295.7829261082024,1264.2064556520322,1236.9724850070083,1201.4482512384936,1178.0439603067716,1155.4921579595316
2566.8581364136166,2482.6739692364795,2392.276019427955,2326.007249534565,2251.294056992293,2179.674802125228,2116.810250699565,2053.7440460337284,2000.4018704566722,1945.4170403838443,1892.2717144599244,1845.4521574685346,1799.0035784922748,1751.1526669483846,1707.915317725811,1662.5855339191953,1625.776993769442,1581.0821643291765,1541.8231896402285,1504.9163783155682,1467.5658662312346,1435.7766356577204,1396.1283145545046,1363.398853058107,1336.7139710924562,1304.8899568542747,1273.0550702363635,1245.6753671448732,1209.7686501936084,1186.0750587254247,1163.304011686847
2588.483686009041,2503.4767571199263,2412.1873774662963,2345.187172026467,2269.5414487115677,2197.2017480354934,2133.8112542057506,2070.2211430350353,2016.439861154547,1960.7357622629888,1907.3555748252509,1859.9803193040225,1813.0117885751974,1764.5518335315912,1721.0021122950313,1675.2266365991359,1638.166477638523,1593.0761731728871,1553.3099544559072,1516.1575207604733,1478.3268613198913,1446.2589028904254,1406.3553106640657,1373.3032283534635,1346.296396976355,1314.1744646674772,1282.0773321674492,1254.5510635432543,1218.254712777447,1194.265920587215,1171.2718447181244
2610.5236283815766,2524.678788911696,2432.4814793199403,2364.7354153013466,2288.1376938847384,2215.0640464355515,2151.1389320653743,2087.0163432893105,2032.788848305956,1976.350121081208,1922.7341432384076,1874.7918019666263,1827.2929786482741,1778.2111024083604,1734.3445990381258,1688.1152237006502,1650.8001764669696,1605.3076849749202,1565.0233772530678,1527.6223022134195,1489.3012407417664,1456.9498764382363,1416.7881137518289,1383.4075097134264,1356.072047101689,1323.6469669148928,1291.2835195325156,1263.6097831661864,1226.9162213677573,1202.6259811698774,1179.4048635020392
2633.00272834767,2546.303917438503,2453.1811854939906,2384.673982290902,2307.103649361485,2233.281744015071,2168.8127972105885,2104.148631893709,2049.4673786353105,1992.2777621753007,1938.4249726925675,1889.9034854716203,1841.8634146343688,1792.1459823349937,1747.9580071116673,1701.2660306039659,1663.6926150052025,1617.7908151648635,1576.976936345505,1539.324004615079,1500.5016837634107,1467.861949910031,1427.4389262114098,1393.723544722915,1366.05237457262,1333.3186003119404,1300.6845181085905,1272.8623426676008,1235.7635415309337,1211.1652379665402,1187.7128242254842
2655.9472261494907,2568.3774178542158,2474.3107208664624,2405.0261883916005,2326.4614129775346,2251.8760807908993,2186.853526903831,2121.63812977612,2066.4951112134195,2008.5373863525463,1954.4466733574359,1905.333265422967,1856.7403406973142,1806.3729127619893,1761.8584828948756,1714.6946811706782,1676.8591970934535,1630.5405356478295,1589.1849262744358,1551.276717887787,1511.9416395768285,1479.0082711840307,1438.3206974205705,1404.2639074046851,1376.249534379553,1343.2011856139216,1310.2918847626786,1282.3202296719255,1244.807682725962,1219.894309214486,1196.2060900108563
2679.3849926930234,2590.9261372554356,2495.8958181726694,2425.8167995109643,2346.2344541728826,2270.869615693082,2205.2830851919093,2139.5062130667047,2083.892934284302,2025.1488608224759,1970.8190234907986,1921.1001595901748,1871.942081910316,1820.9093615671911,1776.0631862180444,1728.417780930171,1690.3162977762418,1643.5727644939834,1601.6625433238455,1563.495424494603,1523.635407910595,1490.4028213374986,1449.447201803216,1415.0419741067308,1386.6764567302112,1353.3072990469132,1320.1179174749323,1291.9956726957785,1254.0603653856617,1228.8244985706033,1204.8956941288575
2703.3457013094962,2613.978660231118,2517.963876779657,2447.0721848190096,2366.4477585009226,2290.286365510678,2224.1248584072155,2157.775645210286,2101.68309458151,2042.1333419671812,1987.5630922399414,1937.2244259025613,1887.4881579200874,1835.7739332412864,1790.5903969068147,1742.453020263153,1704.0813653234109,1656.9044652897894,1614.4259802361557,1575.9960931227897,1535.5982283291012,1502.0605020958296,1460.8331253493297,1426.0720076206767,1397.34692833175,1363.6503514950675,1330.1757329835823,1301.9017187110276,1263.5340953355867,1237.9678668592455,1213.7934101324197
2727.8610185540942,2637.565492770138,2540.5441390763294,2468.8204864417903,2387.127988142386,2310.151959230274,2243.40380570068,2176.470723756812,2119.8893410322908,2059.5134117502266,2004.7013761390606,1953.7276935955113,1903.3994092773592,1850.9864891141972,1805.4596332093477,1756.8192891006915,1718.173034661625,1670.5537576172237,1627.492531524811,1588.7957828759465,1547.8463795382793,1513.9972330934186,1472.4941618750206,1437.3692507786932,1408.275682829084,1374.244676619696,1340.4793532061526,1312.0523195059966,1273.2422466611924,1247.3373119629941,1222.9118299591964
2752.964816957016,2661.7192673377062,2563.6678871763397,2491.091808691006,2408.303660874988,2330.493810124314,2263.1466269079083,2195.617444076802,2138.537085051681,2077.3132298519968,2022.2579513983349,1970.6331095212893,1919.6981383720422,1866.5682814652205,1820.6917839245966,1771.5368049006313,1732.6112539617347,1684.5400403629355,1640.8807110046864,1601.912759581871,1560.3972902282205,1526.2300604467757,1484.4471205117777,1448.9500309779742,1419.4785017992144,1385.1056292755043,1351.0438017783722,1322.4624281893566,1283.1991543143135,1256.9466581007214,1232.264451220302
2778.6934131241733,2686.4749723966293,2587.368663077228,2513.918429853048,2430.00535035507,2351.3413083362047,2283.3819504308967,2215.243682620933,2157.65357999384,2095.5587039651464,2040.2586444283804,1987.9655019710729,1936.4082672330887,1882.542103665375,1836.3092563519238,1786.6272559560553,1747.4174264179007,1698.8841298428192,1654.6103834310572,1615.3666260911139,1573.2696632380423,1538.7772783905157,1496.710046162887,1460.8318773240535,1430.9723279353132,1396.249695817734,1361.885212276903,1333.1481074069407,1293.4202179668107,1266.8107559462974,1241.8657750976183
2805.0858351661777,2711.8702102101856,2611.6825159575137,2537.3350400783206,2452.2659110559403,2372.7260371790844,2304.140544277003,2235.379402791718,2177.268122768095,2114.27768110085,2058.731223463359,2005.7515647576931,1953.5555148409485,1898.9324588689472,1852.3361425462817,1802.1139624433067,1762.6145696043945,1713.6084150691363,1668.7029124629923,1629.1784687641189,1586.4836151356965,1551.6585660284081,1509.3023549648115,1473.0336523762617,1442.7753923363666,1407.6946181693143,1373.0209499628768,1344.126651113869,1303.9220188806937,1276.9455952932253,1251.7314165186845
2832.1841241366446,2737.9454874408266,2636.648280943727,2561.37900953699,2475.1207317980015,2394.6820169329226,2325.4555539515877,2256.056887037439,2197.412281159135,2133.5001632602743,2077.7056146530913,2024.0200647952333,1971.1675970692156,1915.7657502164266,1868.7984068031117,1818.022058043581,1778.227495219111,1728.7370329002385,1683.1813275600389,1643.3710227351435,1600.060833676795,1564.895141616146,1522.2449871539104,1485.57570083158,1454.9073581590765,1419.4595338499216,1384.4697492106638,1355.4167220733302,1314.722451880079,1287.368432275095,1261.8782285765003
2860.0336750128154,2764.744543880824,2662.3078944681906,2586.0906917659145,2498.6080225216865,2417.24598061329,2347.362771573958,2277.3109994363267,2218.120151036065,2153.2585514369507,2097.2141466095527,2042.8020770021712,1989.2744529406375,1933.0704960511812,1885.7240978307814,1834.3786954894374,1794.283012536094,1744.2960663140318,1698.07051289788,1657.9688590146868,1614.0247560572313,1578.5099372346888,1535.5605801787317,1498.4800179115177,1467.3894833024165,1431.5651345727335,1396.2518691836742,1367.0385076526743,1325.8408748939596,1298.0979335213988,1272.3244435235438
2888.6836237885173,2792.314725651151,2688.7067522984444,2611.5137680546077,2522.7691398256247,2440.4576870234023,2369.9009414053,2299.179483839558,2239.4286484205322,2173.5879226595507,2117.291828142028,2062.1312510735,2007.9085015748492,1950.8775743096978,1903.143589718074,1851.2132800174481,1810.8101595143414,1760.3137696562694,1713.3974219691079,1672.9985970688278,1628.4007714230265,1592.5277972515357,1549.2736654338357,1511.7704407382287,1480.2448052990567,1444.0338465065552,1408.3892708030169,1379.0138969738773,1337.298279006098,1309.1543400786454,1283.0898331104559
2918.1872885172543,2820.7074104279177,2715.8941174931083,2637.695639846962,2547.6489578578994,2464.3602774257915,2393.112107979045,2321.7033036207204,2261.377842344579,2194.5263456942157,2137.9766648308364,2082.0441155463286,2027.104935051596,1969.2205010492175,1921.089856598721,1868.5577354784423,1827.84046627447,1776.8208254609413,1729.1913222452904,1688.4891472191093,1643.21645177199,1606.975704625912,1563.4108926464576,1525.4728666243025,1493.4983522041746,1456.8900359027566,1420.9058186470452,1391.3666830706723,1349.1174825202825,1320.5596544778355,1294.1958915795524
2948.602673700229,2849.978493757524,2743.9235869806644,2664.6878775216132,2573.296292456485,2489.000683428485,2417.042014254099,2344.927030281669,2284.011335608687,2216.115242142675,2159.31002121447,2102.580425663132,2046.9020534529088,1988.1357490640992,1939.5987868909351,1886.4468088030173,1845.4082565938163,1793.8506383567221,1745.4840751487286,1704.471988073294,1658.5018162063577,1621.8830399231517,1578.0012867527112,1539.6155029849458,1507.1773840296773,1470.1602445261174,1433.827512147718,1404.122794436435,1361.3233532522909,1332.3378550069124,1305.6660452870342
2979.9930493356296,2880.1889473754213,2772.85362723693,2692.5467356248705,2599.7643880496603,2514.4300952337126,2441.74055872963,2368.899289648886,2307.3767020066307,2238.399801051344,2181.3370367536536,2123.7835628698526,2067.34164963123,2007.6631137612737,1958.7095441947697,1904.918419688167,1863.550994229958,1811.439672705362,1762.3104576593296,1720.9814852674385,1674.2896345137822,1637.2818789029639,1593.0765430947274,1554.2291545499834,1521.3116702073844,1483.8734602422085,1447.1827513489698,1417.3105612510249,1373.943064128708,1344.515142084022,1317.5258937477788
3012.4276183295756,2911.4054627431137,2802.7481917447967,2721.333746752769,2627.1114788302993,2540.704501324096,2467.262322343803,2393.673276235879,2331.5259903908964,2261.4294568574733,2204.1071054592207,2145.7009954401456,2088.469452843248,2027.8461349778204,1978.4649834253712,1924.0140638206046,1882.3096823216822,1829.627842023005,1779.708533218813,1738.05525912824,1690.615777317969,1653.2073357868842,1608.6713680052053,1569.3475547559683,1535.933809726381,1498.0614292484315,1461.0026436089845,1430.9610226978875,1387.006388251935,1357.1202226673504,1329.8034879153174
3045.9822889434136,2943.7011958874446,2833.6774356741435,2751.1164089273516,2655.4014382169885,2567.885313065264,2493.667178328995,2419.3073486449475,2356.5163082073086,2285.2584426332683,2227.674431221594,2168.384811781474,2110.3356423769837,2048.7325853113607,1998.9121326263041,1943.7792797618358,1901.729325912625,1848.4589599893445,1797.7200812630874,1755.734610523093,1707.5196216180616,1669.6979608591205,1624.823873388011,1585.00774970071,1551.0796020402934,1512.7590178524624,1475.321359023017,1445.1082831856158,1400.5460409388963,1370.1846399364142,1342.5296527822736
3080.7405726851293,2977.1566332275765,2865.7185466772603,2781.9689846364095,2684.704533751335,2596.040090720908,2521.021001145894,2445.8657217658365,2382.4104999582187,2309.946433268611,2252.0986735799643,2191.89234057052,2132.995444795166,2070.375037903619,2020.1027532500473,1964.264191891733,1921.859469898332,1867.9812650521555,1816.3910968089838,1774.065016248199,1725.0445225172955,1686.7962030001613,1641.5760358406187,1601.2505449293487,1566.788478662401,1528.0046334816159,1490.1765440958168,1459.7899270512535,1414.5980779353295,1383.7431571123666,1355.738362986062
3116.7946327672335,3011.8606026234825,2898.956715061621,2813.973433904362,2715.0983085417447,2625.2433911867074,2549.396494344563,2473.4192751719206,2409.2779396294472,2335.559296617774,2277.4457020809787,2216.286875139577,2156.5098315706036,2092.8315296109986,2042.0939946527542,1985.5241446777093,1942.7548275475206,1888.2480334181428,1835.772374169202,1793.0967079374577,1743.2383644454824,1704.548950210996,1658.9742333130007,1618.1210277064245,1583.1040076699715,1543.8407168566548,1505.6098054084014,1475.0475035522968,1429.202361150406,1397.8342063497275,1369.4671821277807
3154.2465142482574,3047.911459663501,2933.4862721544732,2847.2205091004816,2746.668615400201,2655.5777625943438,2578.874161938019,2502.0465017474935,2437.1954606638246,2362.1699749398776,2303.7884817162103,2241.638523700314,2180.946337899193,2116.1663393031804,2064.9491623154336,2007.6204471875785,1964.476018374105,1909.3182987624625,1855.9201922377738,1812.8853518243277,1762.1542083657778,1723.008164313966,1677.0698754140587,1635.6691804642473,1600.0744862708912,1560.314320127473,1521.6672778446166,1490.9270967934535,1444.403105985167,1412.500416261243,1383.7577790884739
3193.2095946513746,3085.4184866147157,2969.412032784265,2881.811046027154,2779.5108362671463,2687.1349171405673,2609.543453940686,2531.8346265131413,2466.2484528889704,2389.8595244754365,2331.208117486659,2268.025212325958,2206.380028612628,2140.4509059071434,2088.738624126754,2030.6212514413967,1987.0904387820167,1931.2577015268926,1876.8971231041587,1833.4928509811161,1781.8510555386151,1742.2316300249656,1695.9201474713273,1653.9506050094137,1617.753640343574,1577.4777894393962,1538.4002955592143,1507.4799988749937,1460.2495278277006,1427.789235009427,1398.6565379311348
3233.810303758166,3124.5035510162056,3006.850886978994,2917.8574946519248,2813.7313278397405,2720.0171215003347,2641.504124552225,2562.8809332729275,2496.5321633241037,2418.718348114922,2359.795093317729,2295.533874498541,2232.89464374242,2165.7649171073717,2113.5408852880482,2054.602594234906,2010.6732949020166,1954.1394965353072,1898.7729913258481,1854.9882972023388,1802.394753686568,1762.283843767976,1715.5888936088477,1673.02738209559,1636.2014547147417,1595.3895751410025,1555.8661885410556,1524.7635092541811,1476.7966098102142,1443.7536702557095,1414.2152822469934
3276.19017415844,3165.3030833255984,3045.9336979163704,2955.4857443213646,2849.449145140133,2754.338854593861,2674.867851649901,2595.2943466678234,2528.1532475708127,2448.8476653694643,2389.6507498847777,2324.261869987225,2260.5839649130016,2192.1976078011003,2139.4438705017437,2079.649639923545,2035.3088348449564,1978.0457552807022,1921.626018440993,1877.4491069133494,1823.8590782647898,1783.2370743410677,1736.1476708256457,1692.969097515647,1655.4851642596145,1614.1151990198252,1574.1292337097395,1542.8418894401811,1494.106019814808,1460.4531729346954,1430.492140368102
3320.508301037725,3207.97044933686,3086.8075788187452,2994.8373133481273,2886.7981089561063,2790.228796134493,2709.760179611841,2629.1973302891265,2561.2316313260985,2480.3612759957905,2420.8890581628757,2354.31868758161,2289.5534550620237,2219.849318152096,2166.546462735916,2105.8581719671674,2061.0918278415347,2003.0688092488697,1945.5441968218795,1900.9623849575648,1846.3270305488265,1805.1726363899893,1757.6770148790906,1713.8540744620261,1675.6804442092086,1633.7284160632942,1593.2617974771301,1561.787510196185,1512.2472124567676,1477.9546992804894,1447.5525851796424
3366.944312060739,3252.6788146794092,3129.638642218538,3036.0719927944187,2925.929301880755,2827.8322274659095,2746.322865182355,2664.7281788122823,2595.902758552173,2513.387689706321,2453.63876174525,2385.8280017777197,2319.922238980006,2248.833375316539,2194.9603619398204,2133.336394694318,2088.1293513125356,2029.3129939080716,1970.6269495818328,1925.6265726674221,1869.8924061863868,1828.182429368903,1780.2679704706047,1735.7708632984716,1696.87284905152,1654.3126189948564,1613.3457173031034,1581.6822391030357,1531.2987620424742,1496.3339954251983,1465.4706919630007
3415.701978127591,3299.624627579037,3174.615342742359,3079.3710609258414,2967.014102805054,2867.3139503720026,2784.716729742348,2702.043805255165,2632.32032556802,2548.072715896604,2488.0459826857377,2418.930174345227,2351.825512216529,2279.27838194639,2224.8123459221324,2162.2071250160066,2116.542965074088,2056.8967707422494,1996.9871501220068,1951.5534534209112,1894.661703829394,1852.3708103565136,1804.0239538831308,1758.8200551393027,1719.1595641411093,1675.9625482301697,1634.473983965153,1602.6191306436126,1551.3499862527685,1515.677162140835,1484.3306706911094
3467.0136362065473,3349.0318850734657,3221.952572024658,3124.941220823216,3010.2479036685377,2908.861862207815,2825.1251533096165,2741.3231557429594,2670.6596310508203,2584.5826363806877,2524.2774149707257,2453.785319863991,2385.41749301048,2311.3310203000437,2256.247041068412,2192.6104785202306,2146.4713764384514,2085.955328706312,2024.7535977211994,1978.8706116025742,1920.7564650594518,1877.856890314514,1829.063037394529,1783.1165062687992,1742.651554056839,1698.7863893754852,1656.7528054649672,1624.7045003315252,1572.50293892189,1536.0825752342012,1504.2287467845008
3521.145650695972,3401.1574011928888,3271.896715563008,3173.0194628596428,3055.8546986692304,2952.6913703391383,2867.758389276376,2782.7714269154635,2711.121713934964,2623.108123844089,2562.5242698563334,2490.5770928181896,2420.875068966827,2345.1595159571025,2289.4303453922103,2224.707188154162,2178.073733553394,2116.643799309414,2054.0740767764864,2007.7244719626096,1948.3161663599824,1904.7773724011618,1855.5207737646492,1808.792088672682,1767.4762190130216,1722.9083670455038,1680.304159780248,1648.0604909209242,1594.8748757770718,1557.6632616665397,1525.275488419985
3578.405216204016,3456.297369382631,3324.7319521692557,3223.8791218487063,3104.0928003186914,2999.0508906338064,2912.8589393299985,2826.6253202725275,2753.9385093195256,2663.8691236846316,2603.007192853675,2529.5174071249103,2458.4023415035444,2380.957953803324,2324.553694608203,2258.6827404545447,2211.5337308180315,2149.141264986969,2085.1191705064593,2038.2840894012077,1977.501824792657,1933.2900911496881,1883.5537192297447,1835.9991210752842,1793.780708400796,1748.4719807082329,1705.268980094427,1672.8282754861434,1618.6013323468255,1580.5498655185786,1547.5987118724363
3639.1489117926585,3514.795614865501,3380.788175994821,3277.8374941447505,3155.262026704846,3048.228761321288,2960.708312739934,2873.159650708691,2799.379334006218,2707.120993977353,2645.9824500592413,2570.85237371618,2498.236343045398,2418.9517072063873,2361.8394295157223,2294.7525798704983,2247.064775445383,2183.655804203267,2118.0870605458003,2070.745919596583,2008.5005364343529,1963.5784677330728,1913.3438697808217,1864.9146898000079,1821.7360935636352,1775.6440801162883,1731.8111672881985,1699.172093787986,1643.84000289849,1604.8943857551535,1571.3471432806764
3703.7935691391217,3577.0540797383046,3440.4510623852343,3335.2655157745426,3209.712832287589,3100.562026661946,3011.635614720957,2922.695744495973,2847.7591292577467,2753.1623079288115,2691.749792401661,2614.8698481483666,2540.6543043254064,2459.404338413935,2401.547619178188,2333.168725055655,2284.9165570930004,2220.4309075239694,2153.2096301440356,2105.339886878368,2041.5312483451055,1995.8571768558802,1945.1043057483646,1895.7461470020405,1851.542677438397,1804.620051746811,1760.122697356085,1727.2843919271543,1670.7756800390623,1630.8749359224282,1596.6950820993584
3772.8302372578623,3643.546296125692,3504.175002948229,3396.6001988874323,3267.858039414077,3156.4477227450784,3066.028582729194,2975.612232503916,2899.449055970288,2802.3448816066143,2740.6625666535206,2661.90913394862,2585.9829971475815,2502.626468559725,2443.984833444276,2374.228275934497,2325.383496741702,2259.7537302047094,2190.7603134484343,2142.3371901106025,2076.8521830141526,2030.3794369869106,1979.0864558203966,1928.738187022663,1883.4368279779198,1835.6304945614027,1790.4301968991906,1757.3924418306824,1699.6266170980696,1658.7018746356869,1623.8484083401536
3846.8423500566155,3714.8349150987365,3572.499935272418,3462.360812211398,3330.1880994271637,3216.35755916321,3124.3479455248635,3032.3590951438155,2954.8902838830672,2855.0868226228363,2793.1408777692686,2712.3736134868673,2634.610895592949,2548.9873220349436,2489.5155628661296,2418.284488792471,2368.8157485046604,2301.9658400299036,2231.0643168964443,2182.060470346112,2114.7705081081003,2067.446506597558,2015.5895625289809,1964.1820682631935,1917.6998831504886,1868.949920771473,1823.003515190111,1789.7669740777396,1730.6528264025635,1688.625801163685,1653.0524183959983
3926.529687730582,3791.594826975522,3646.073542195577,3533.170223196021,3397.291219140555,3280.8572818570224,3187.1463632704904,3093.4761911074997,3014.612185688926,2911.8897443549326,2849.688960379361,2766.7474169724064,2687.0042247894885,2598.929959211636,2538.5772905747303,2465.761394074083,2415.633724137244,2347.477408799506,2274.5121139172725,2224.897238441081,2155.6551050664916,2107.4202254393913,2054.973187635604,2002.427798007073,1954.6699166780518,1904.9082534348522,1858.1670544550145,1824.7335932374174,1764.1670532785622,1720.9481288096226,1684.6021885218038
4012.7404643257996,3874.6441242595597,3725.6809829817307,3609.7834802435673,3469.880310701598,3350.632601210059,3255.0937933965924,3159.6180765167546,3079.256711837888,2973.3618240160476,2910.9184579020066,2825.617758645128,2743.7284654335404,2652.991684635114,2591.700689737008,2517.173386788885,2466.3475632790714,2396.7862393581845,2321.5775354027755,2271.317881055389,2199.9536892931105,2150.739832488834,2097.6739886281775,2043.900480690233,1994.7575234603994,1943.9062545414154,1896.3149773523899,1862.6881062324364,1800.5495132769574,1756.0352836685945,1718.8564936593502
4106.515034130352,3964.986278654488,3812.2853949027285,3693.1267476712,3548.8296967273927,3426.5245066436933,3329.012044991774,3231.5878206208595,3149.61160642958,3040.249218492809,2977.580154521987,2889.7053812552163,2805.4776638629955,2711.831858690583,2649.537154913289,2573.1519324801834,2521.583682629042,2450.5037150480625,2372.84243846398,2321.9002221144933,2248.216160299051,2197.9449075301964,2144.228613424099,2089.122630841932,2038.4673634986502,1986.436584727764,1937.9319711995843,1904.117461347142,1840.2680258145338,1794.3381019511821,1756.2568251407895
4209.146573345455,4063.8687030070982,3907.084132483459,3784.351367447082,3635.2260667480714,3509.5782942223186,3409.922759217467,3310.3839694558797,3226.6565461370587,3113.4796944336413,3050.608066455788,2959.9068551194873,2873.115153760512,2776.2705313949245,2712.8970566181642,2634.4826780010903,2582.1216792049204,2509.390876201919,2429.030997401531,2377.363676298425,2301.1270663630235,2249.707273206247,2195.3055515132373,2138.745218774534,2086.428136385261,2033.1131092341955,1983.6221510912744,1949.6289090314408,1883.9060565554564,1836.4188458140377,1797.353881950096
4322.267175762552,4172.865845021401,4011.5885709968725,3884.9105695440085,3730.440767484175,3601.113122974341,3499.1154923949425,3397.2671997435036,3311.6286361338894,3194.224549992244,3131.18205174551,3037.3546380580688,2947.7313745647816,2847.343287040143,2782.804062993732,2702.158153683479,2648.946753526584,2574.4096792385003,2491.0584182364332,2438.6177859550216,2359.5517346302195,2306.8763339198968,2251.7504221845156,2193.591819471214,2139.4352050468488,2084.7125788202043,2034.1501805531768,1999.991511034648,1932.2026393442447,1882.98966234797,1842.8452892566856
4447.9730698666635,4294.000046941339,4127.740189051219,3996.671050148108,3836.2349302779967,3702.823170275238,3598.246748267085,3493.857293448256,3406.1177195019095,3283.9887031301932,3220.818951928026,3123.504497543598,3030.7280279926294,2926.3810578476946,2860.5742164229646,2777.4544997229254,2723.3260543825986,2646.7976623638947,2560.1018860223035,2506.8329373738516,2424.603470210669,2370.5451352363884,2314.6519939762493,2254.722980394763,2198.512737070427,2142.2354087783933,2090.5012534215975,2056.1967231808376,1986.1106500063033,1934.9687195510785,1893.6306634719338
4589.01201824695,4429.922437573757,4258.084324438993,4122.079977023535,3954.9167863556463,3816.9290093414725,3709.488209578978,3602.2783235512456,3512.2091016393188,3384.7455652613985,3321.5091272536406,3220.266461487934,3123.9441325101325,3015.1296500993135,2947.934394697494,2862.0464183681356,2806.9230989394227,2728.1798754299593,2637.7069013210307,2583.546395673195,2497.744300218551,2442.1494201058636,2385.4412358066093,2323.532809562858,2265.006947161116,2206.996897063317,2153.9711477363226,2119.549406861759,2046.8843613800957,1993.5645454761461,1950.8943584428816
4749.07330871173,4584.192876916279,4406.039098085492,4264.423451888408,4089.585073969242,3946.411839367397,3835.756153053464,3725.3834125032895,3632.704551475355,3499.145831806912,3435.92796159084,3330.2076515519075,3229.851264718936,3115.9348347685827,3047.2058177569934,2958.1852647781902,2901.9751059889822,2820.742397788451,2725.9520946522107,2670.82672702681,2580.9411630936092,2523.62123647527,2466.0450090026966,2401.8988709859923,2340.7307926938665,2280.768811817661,2226.30606028123,2191.809244027049,2116.2155082453237,2060.407089020615,2016.2340778258133
4933.254618627247,4761.730687545505,4576.328442043271,4428.242668673107,4244.520852661514,4095.390545543705,3981.0808506653093,3867.1167367701755,3771.4783481129534,3630.8537612745645,3567.7767638841947,3456.879171101146,3351.868198202374,3232.040558892674,3161.5998221792393,3068.986127215366,3011.578972581663,2927.5122398503922,2827.715031553022,2771.5391039280507,2676.917878941155,2617.6368045170875,2559.13423379419,2492.4242653096767,2428.1976427632244,2366.008100227823,2309.928579485664,2275.419429487117,2196.453364169343,2137.759691396079,2091.868934365404
5148.850332575703,4969.575807943537,4775.71343289839,4620.03671069096,4425.848996710178,4269.758316805475,4151.230429335183,4033.1250833435065,3934.078947057626,3785.1152591780146,3722.35912871673,3605.3687046621476,3494.8927700885174,3368.092914015471,3295.7179261370875,3198.913257889386,3140.1750587180354,3052.8309960552765,2947.1219046952056,2889.7943999275903,2789.5815769855685,2728.036115622354,2668.5442999384127,2598.8478138761225,2531.0171837429916,2466.244500376283,2408.320839575883,2373.894745947303,2290.978265141636,2228.8788314541443,2180.9926452216378
5406.763007729297,5218.2517743453145,5014.302027670268,4849.521090813765,4642.7223856681485,4478.322371798045,4354.828102155993,4231.853425811028,4128.807188335418,3969.7755489128663,3907.6143718024223,3783.2912115429895,3666.25535300251,3531.043336928398,3456.44846480409,3354.6505997417016,3294.415203010872,3203.2049737546718,3090.3544432492376,3031.7555251082113,2924.788142796126,2860.5763542288846,2800.0305585137776,2726.781340340488,2654.6069842937272,2586.777421628461,2526.7137467071493,2492.520265575355,2404.8742501152374,2338.661910962057,2288.409703057856
5724.224665120281,5524.393872495526,5308.074877496538,5132.054636480386,4909.604576798021,4735.001067745183,4605.506669970188,4476.6584929758865,4368.797126010561,4197.242389936562,4136.113215831309,4002.701771035868,3877.5597181990397,3731.8918479858303,3654.6981006595215,3546.783164885005,3484.8402183595476,3388.9487618554726,3267.209455505086,3207.196952970472,3091.8222468014164,3024.3891837415445,2962.7309579723374,2885.1374195021695,2807.5703299099064,2736.0258323086973,2673.4228324682517,2639.706942262339,2546.2343941696436,2474.9042579547427,2421.7702396814648
6130.576088173459,5916.331460790887,5684.251099295174,5493.7946117321535,5251.116522402066,5063.489306508395,4926.485318430402,4790.300651396777,4676.440222282941,4488.6582862653395,4429.304070373231,4284.164857194115,4148.598898831487,3989.3938512021373,3909.0760131300963,3793.375265336761,3729.452248237524,3627.6869187588354,3494.4203377555336,3432.828898335488,3306.5510392924857,3235.087239222212,3172.287273128011,3089.1770681860576,3004.6370840494524,2928.410678151499,2862.7026686399413,2829.891610811337,2728.9540421049596,2650.988704393761,2594.213217821346
6681.281302591697,6447.627197807721,6194.30466245459,5984.200690108376,5713.786485091852,5508.569948236076,5361.6716054530925,5215.845833340699,5094.128484099833,4884.026149148949,4827.833200337854,4666.642155407134,4516.869419456127,4339.062353556698,4254.847972808111,4128.669123324084,4062.406046450635,3952.877926547127,3803.7390581422774,3740.393667549523,3599.1022746726985,3522.3309967859036,3458.4575868554107,3367.9455286789116,3273.8380042818862,3191.390150422404,3121.71952193333,3090.6309620183015,2979.56581756864,2892.466257460083,2830.8364953069145
7499.263159387813,7237.019781767067,6952.373490659311,6712.926759349517,6400.694791366982,6169.469538048301,6008.419683865861,5848.855420879474,5715.995881644398,5472.105608127881,5422.070125866043,5236.73111042878,5065.702100359301,4859.76982982126,4770.421095851092,4628.821663575545,4559.7499600659075,4439.076766743069,4265.876301254175,4200.677712467548,4036.6248176823933,3952.273156254325,3887.732263221789,3786.3732172553423,3677.8254704490823,3586.3803695178563,3511.307319461686,3483.75603140465,3357.6301354785833,3256.6852596377853,3188.0068963219173
8944.375538517614,8632.23625669393,8292.83219871897,8001.139108273117,7613.448819855069,7336.572985192374,7151.910054510071,6969.559594406727,6818.366436751358,6513.16022645503,6477.750318013549,6248.965159979586,6039.987230173054,5783.097698885749,5686.35546123197,5517.881235524318,5445.567833132815,5306.202331155365,5089.238930179887,5022.713791758986,4817.256221844373,4720.299425873909,4656.992155924799,4536.858156192242,4402.205142831292,4295.50545943239,4212.158377040017,4193.433641846808,4040.664168934686,3914.5342060393755,3833.8368846775984
13116.75955820084,12663.982045548442,12169.734243324265,11724.913720547356,11110.530572950667,10703.51593319332,10458.437119588725,10218.634738666116,10022.1231484493,9530.739277755722,9558.741029945255,9200.071862453035,8879.288429332517,8468.096391652194,8359.515611637842,8115.551787672179,8043.706681777776,7856.111632648248,7505.622739046705,7446.479026771723,7114.636054308102,6985.8392365053205,6940.1113652150125,6768.075020298917,6554.62547508979,6407.669198062622,6307.937119410706,6329.977322559078,6100.1812649704925,5897.1094776881455,5784.364878670678
